Date,Type,Value,Limit
2018-03-22,VAR,2699.9954799999896,2500.0
2018-03-23,VAR,2699.9954799999896,2500.0
2018-03-26,VAR,2699.9954799999896,2500.0
2018-03-27,VAR,2699.9954799999896,2500.0
2018-03-28,VAR,2699.9954799999896,2500.0
2018-03-29,VAR,2699.9954799999896,2500.0
2018-04-02,VAR,2699.9954799999896,2500.0
2018-04-03,VAR,2699.9954799999896,2500.0
2018-04-04,VAR,2699.9954799999896,2500.0
2018-04-05,VAR,2699.9954799999896,2500.0
2018-04-06,VAR,2699.9954799999896,2500.0
2018-04-09,VAR,2699.9954799999896,2500.0
2018-04-10,VAR,2699.9954799999896,2500.0
2018-04-11,VAR,2699.9954799999896,2500.0
2018-04-12,VAR,2699.9954799999896,2500.0
2018-04-13,VAR,2699.9954799999896,2500.0
2018-04-16,VAR,2699.9954799999896,2500.0
2018-04-17,VAR,2699.9954799999896,2500.0
2018-04-18,VAR,2699.9954799999896,2500.0
2018-04-19,VAR,2699.9954799999896,2500.0
2018-04-20,VAR,2699.9954799999896,2500.0
2018-04-23,VAR,2699.9954799999896,2500.0
2018-04-24,VAR,2699.9954799999896,2500.0
2018-04-25,VAR,2699.9954799999896,2500.0
2018-04-26,VAR,2699.9954799999896,2500.0
2018-04-27,VAR,2699.9954799999896,2500.0
2018-04-30,VAR,2699.9954799999896,2500.0
2018-05-01,VAR,2699.9954799999896,2500.0
2018-05-02,VAR,2699.9954799999896,2500.0
2018-05-03,VAR,2699.9954799999896,2500.0
2018-05-04,VAR,2699.9954799999896,2500.0
2018-05-07,VAR,2699.9954799999896,2500.0
2018-05-08,VAR,2699.9954799999896,2500.0
2018-05-09,VAR,2699.9954799999896,2500.0
2018-05-10,VAR,2699.9954799999896,2500.0
2018-05-11,VAR,2699.9954799999896,2500.0
2018-05-14,VAR,2699.9954799999896,2500.0
2018-05-15,VAR,2699.9954799999896,2500.0
2018-05-16,VAR,2699.9954799999896,2500.0
2018-05-17,VAR,2699.9954799999896,2500.0
2018-05-18,VAR,2699.9954799999896,2500.0
2018-05-21,VAR,2699.9954799999896,2500.0
2018-05-22,VAR,2699.9954799999896,2500.0
2018-05-23,VAR,2699.9954799999896,2500.0
2018-05-24,VAR,2699.9954799999896,2500.0
2018-05-25,VAR,2699.9954799999896,2500.0
2018-05-29,VAR,2699.9954799999896,2500.0
2018-05-30,VAR,2699.9954799999896,2500.0
2018-05-31,VAR,2699.9954799999896,2500.0
2018-06-01,VAR,2699.9954799999896,2500.0
2018-06-04,VAR,2699.9954799999896,2500.0
2018-06-05,VAR,2699.9954799999896,2500.0
2018-06-06,VAR,2699.9954799999896,2500.0
2018-06-07,VAR,2699.9954799999896,2500.0
2018-06-08,VAR,2699.9954799999896,2500.0
2018-06-11,VAR,2699.9954799999896,2500.0
2018-06-12,VAR,2699.9954799999896,2500.0
2018-06-13,VAR,2699.9954799999896,2500.0
2018-06-14,VAR,2699.9954799999896,2500.0
2018-06-15,VAR,2699.9954799999896,2500.0
2018-06-18,VAR,2699.9954799999896,2500.0
2018-06-19,VAR,2699.9954799999896,2500.0
2018-06-20,VAR,2699.9954799999896,2500.0
2018-06-21,VAR,2699.9954799999896,2500.0
2018-06-22,VAR,2699.9954799999896,2500.0
2018-06-25,VAR,2699.9954799999896,2500.0
2018-06-26,VAR,2699.9954799999896,2500.0
2018-06-27,VAR,2699.9954799999896,2500.0
2018-06-28,VAR,2699.9954799999896,2500.0
2018-06-29,VAR,2699.9954799999896,2500.0
2018-07-02,VAR,2699.9954799999896,2500.0
2018-07-03,VAR,2699.9954799999896,2500.0
2018-07-05,VAR,2699.9954799999896,2500.0
2018-07-06,VAR,2699.9954799999896,2500.0
2018-07-09,VAR,2699.9954799999896,2500.0
2018-07-10,VAR,2699.9954799999896,2500.0
2018-07-11,VAR,2699.9954799999896,2500.0
2018-07-12,VAR,2699.9954799999896,2500.0
2018-07-13,VAR,2699.9954799999896,2500.0
2018-07-16,VAR,2699.9954799999896,2500.0
2018-07-17,VAR,2699.9954799999896,2500.0
2018-07-18,VAR,2699.9954799999896,2500.0
2018-07-19,VAR,2699.9954799999896,2500.0
2018-07-20,VAR,2699.9954799999896,2500.0
2018-07-23,VAR,2699.9954799999896,2500.0
2018-07-24,VAR,2699.9954799999896,2500.0
2018-07-25,VAR,2699.9954799999896,2500.0
2018-07-26,VAR,2699.9954799999896,2500.0
2018-07-27,VAR,2699.9954799999896,2500.0
2018-07-30,VAR,2699.9954799999896,2500.0
2018-07-31,VAR,2699.9954799999896,2500.0
2018-08-01,VAR,2699.9954799999896,2500.0
2018-08-02,VAR,2699.9954799999896,2500.0
2018-08-03,VAR,2699.9954799999896,2500.0
2018-08-06,VAR,2699.9954799999896,2500.0
2018-08-07,VAR,2699.9954799999896,2500.0
2018-08-08,VAR,2699.9954799999896,2500.0
2018-08-09,VAR,2699.9954799999896,2500.0
2018-08-10,VAR,2699.9954799999896,2500.0
2018-08-13,VAR,2699.9954799999896,2500.0
2018-08-14,VAR,2699.9954799999896,2500.0
2018-08-15,VAR,2699.9954799999896,2500.0
2018-08-16,VAR,2699.9954799999896,2500.0
2018-08-17,VAR,2699.9954799999896,2500.0
2018-08-20,VAR,2699.9954799999896,2500.0
2018-08-21,VAR,2699.9954799999896,2500.0
2018-08-22,VAR,2699.9954799999896,2500.0
2018-08-23,VAR,2699.9954799999896,2500.0
2018-08-24,VAR,2699.9954799999896,2500.0
2018-08-27,VAR,2699.9954799999896,2500.0
2018-08-28,VAR,2699.9954799999896,2500.0
2018-08-29,VAR,2699.9954799999896,2500.0
2018-08-30,VAR,2699.9954799999896,2500.0
2018-08-31,VAR,2699.9954799999896,2500.0
2018-09-04,VAR,2699.9954799999896,2500.0
2018-09-05,VAR,2699.9954799999896,2500.0
2018-09-06,VAR,2699.9954799999896,2500.0
2018-09-07,VAR,2699.9954799999896,2500.0
2018-09-10,VAR,2699.9954799999896,2500.0
2018-09-11,VAR,2699.9954799999896,2500.0
2018-09-12,VAR,2699.9954799999896,2500.0
2018-09-13,VAR,2699.9954799999896,2500.0
2018-09-14,VAR,2699.9954799999896,2500.0
2018-09-17,VAR,2699.9954799999896,2500.0
2018-09-18,VAR,2699.9954799999896,2500.0
2018-09-19,VAR,2699.9954799999896,2500.0
2018-09-20,VAR,2699.9954799999896,2500.0
2018-09-21,VAR,2699.9954799999896,2500.0
2018-09-24,VAR,2699.9954799999896,2500.0
2018-09-25,VAR,2699.9954799999896,2500.0
2018-09-26,VAR,2699.9954799999896,2500.0
2018-09-27,VAR,2699.9954799999896,2500.0
2018-09-28,VAR,2699.9954799999896,2500.0
2018-10-01,VAR,2699.9954799999896,2500.0
2018-10-02,VAR,2699.9954799999896,2500.0
2018-10-03,VAR,2699.9954799999896,2500.0
2018-10-04,VAR,2699.9954799999896,2500.0
2018-10-05,VAR,2699.9954799999896,2500.0
2018-10-08,VAR,2699.9954799999896,2500.0
2018-10-09,VAR,2699.9954799999896,2500.0
2018-10-10,VAR,3282.643369999999,2500.0
2018-10-11,VAR,3282.643369999999,2500.0
2018-10-12,VAR,3282.643369999999,2500.0
2018-10-15,VAR,3282.643369999999,2500.0
2018-10-16,VAR,3282.643369999999,2500.0
2018-10-17,VAR,3282.643369999999,2500.0
2018-10-18,VAR,3282.643369999999,2500.0
2018-10-19,VAR,3282.643369999999,2500.0
2018-10-22,VAR,3282.643369999999,2500.0
2018-10-23,VAR,3282.643369999999,2500.0
2018-10-24,VAR,3544.8825500000003,2500.0
2018-10-25,VAR,3544.8825500000003,2500.0
2018-10-26,VAR,3544.8825500000003,2500.0
2018-10-29,VAR,3544.8825500000003,2500.0
2018-10-30,VAR,3544.8825500000003,2500.0
2018-10-31,VAR,3544.8825500000003,2500.0
2018-11-01,VAR,3544.8825500000003,2500.0
2018-11-02,VAR,3544.8825500000003,2500.0
2018-11-05,VAR,3544.8825500000003,2500.0
2018-11-06,VAR,3544.8825500000003,2500.0
2018-11-07,VAR,3544.8825500000003,2500.0
2018-11-08,VAR,3544.8825500000003,2500.0
2018-11-09,VAR,3544.8825500000003,2500.0
2018-11-12,VAR,3544.8825500000003,2500.0
2018-11-13,VAR,3544.8825500000003,2500.0
2018-11-14,VAR,3544.8825500000003,2500.0
2018-11-15,VAR,3544.8825500000003,2500.0
2018-11-16,VAR,3544.8825500000003,2500.0
2018-11-19,VAR,3544.8825500000003,2500.0
2018-11-20,VAR,3544.8825500000003,2500.0
2018-11-21,VAR,3544.8825500000003,2500.0
2018-11-23,VAR,3544.8825500000003,2500.0
2018-11-26,VAR,3544.8825500000003,2500.0
2018-11-27,VAR,3544.8825500000003,2500.0
2018-11-28,VAR,3544.8825500000003,2500.0
2018-11-29,VAR,3544.8825500000003,2500.0
2018-11-30,VAR,3544.8825500000003,2500.0
2018-12-03,VAR,3544.8825500000003,2500.0
2018-12-04,VAR,3544.8825500000003,2500.0
2018-12-06,VAR,3544.8825500000003,2500.0
2018-12-07,VAR,3544.8825500000003,2500.0
2018-12-10,VAR,3544.8825500000003,2500.0
2018-12-11,VAR,3544.8825500000003,2500.0
2018-12-12,VAR,3544.8825500000003,2500.0
2018-12-13,VAR,3544.8825500000003,2500.0
2018-12-14,VAR,3544.8825500000003,2500.0
2018-12-17,VAR,3544.8825500000003,2500.0
2018-12-18,VAR,3544.8825500000003,2500.0
2018-12-19,VAR,3544.8825500000003,2500.0
2018-12-20,VAR,3544.8825500000003,2500.0
2018-12-21,VAR,3544.8825500000003,2500.0
2018-12-24,VAR,3544.8825500000003,2500.0
2018-12-26,VAR,3544.8825500000003,2500.0
2018-12-27,VAR,3544.8825500000003,2500.0
2018-12-28,VAR,3544.8825500000003,2500.0
2018-12-31,VAR,3544.8825500000003,2500.0
2019-01-02,VAR,3544.8825500000003,2500.0
2019-01-03,VAR,3544.8825500000003,2500.0
2019-01-04,VAR,3544.8825500000003,2500.0
2019-01-07,VAR,3544.8825500000003,2500.0
2019-01-08,VAR,3544.8825500000003,2500.0
2019-01-09,VAR,3544.8825500000003,2500.0
2019-01-10,VAR,3544.8825500000003,2500.0
2019-01-11,VAR,3544.8825500000003,2500.0
2019-01-14,VAR,3544.8825500000003,2500.0
2019-01-15,VAR,3544.8825500000003,2500.0
2019-01-16,VAR,3544.8825500000003,2500.0
2019-01-17,VAR,3544.8825500000003,2500.0
2019-01-18,VAR,3544.8825500000003,2500.0
2019-01-22,VAR,3544.8825500000003,2500.0
2019-01-23,VAR,3544.8825500000003,2500.0
2019-01-24,VAR,3544.8825500000003,2500.0
2019-01-25,VAR,3544.8825500000003,2500.0
2019-01-28,VAR,3544.8825500000003,2500.0
2019-01-29,VAR,3544.8825500000003,2500.0
2019-01-30,VAR,3544.8825500000003,2500.0
2019-01-31,VAR,3544.8825500000003,2500.0
2019-02-01,VAR,3544.8825500000003,2500.0
2019-02-04,VAR,3108.98581999999,2500.0
2019-02-05,VAR,3108.98581999999,2500.0
2019-02-06,VAR,3108.98581999999,2500.0
2019-02-07,VAR,2666.4677199999896,2500.0
2019-02-08,VAR,2666.4677199999896,2500.0
2019-02-11,VAR,2666.4677199999896,2500.0
2019-02-12,VAR,2666.4677199999896,2500.0
2019-02-13,VAR,2666.4677199999896,2500.0
2019-02-14,VAR,2666.4677199999896,2500.0
2019-02-15,VAR,2666.4677199999896,2500.0
2019-02-19,VAR,2666.4677199999896,2500.0
2019-02-20,VAR,2666.4677199999896,2500.0
2019-02-21,VAR,2666.4677199999896,2500.0
2019-02-22,VAR,2666.4677199999896,2500.0
2019-02-25,VAR,2666.4677199999896,2500.0
2019-02-26,VAR,2666.4677199999896,2500.0
2019-02-27,VAR,2666.4677199999896,2500.0
2019-02-28,VAR,2666.4677199999896,2500.0
2019-03-01,VAR,2666.4677199999896,2500.0
2019-03-04,VAR,2666.4677199999896,2500.0
2019-03-05,VAR,2666.4677199999896,2500.0
2019-03-06,VAR,2666.4677199999896,2500.0
2019-03-07,VAR,2666.4677199999896,2500.0
2019-03-08,VAR,2666.4677199999896,2500.0
2019-03-11,VAR,2666.4677199999896,2500.0
2019-03-12,VAR,2666.4677199999896,2500.0
2019-03-13,VAR,2666.4677199999896,2500.0
2019-03-14,VAR,2666.4677199999896,2500.0
2019-03-15,VAR,2666.4677199999896,2500.0
2019-03-18,VAR,2666.4677199999896,2500.0
2019-03-19,VAR,2666.4677199999896,2500.0
2019-03-20,VAR,2666.4677199999896,2500.0
2019-05-13,VAR,2702.247789999993,2500.0
2019-05-14,VAR,2702.247789999993,2500.0
2019-05-15,VAR,2702.247789999993,2500.0
2019-05-16,VAR,2702.247789999993,2500.0
2019-05-17,VAR,2702.247789999993,2500.0
2019-05-20,VAR,2702.247789999993,2500.0
2019-05-21,VAR,2702.247789999993,2500.0
2019-05-22,VAR,2702.247789999993,2500.0
2019-05-23,VAR,2702.247789999993,2500.0
2019-05-24,VAR,2702.247789999993,2500.0
2019-05-28,VAR,2702.247789999993,2500.0
2019-05-29,VAR,2702.247789999993,2500.0
2019-05-30,VAR,2702.247789999993,2500.0
2019-05-31,VAR,2702.247789999993,2500.0
2019-06-03,VAR,2702.247789999993,2500.0
2019-06-04,VAR,2702.247789999993,2500.0
2019-06-05,VAR,2702.247789999993,2500.0
2019-06-06,VAR,2702.247789999993,2500.0
2019-06-07,VAR,2702.247789999993,2500.0
2019-06-10,VAR,2702.247789999993,2500.0
2019-06-11,VAR,2702.247789999993,2500.0
2019-06-12,VAR,2702.247789999993,2500.0
2019-06-13,VAR,2702.247789999993,2500.0
2019-06-14,VAR,2702.247789999993,2500.0
2019-06-17,VAR,2702.247789999993,2500.0
2019-06-18,VAR,2702.247789999993,2500.0
2019-06-19,VAR,2702.247789999993,2500.0
2019-06-20,VAR,2702.247789999993,2500.0
2019-06-21,VAR,2702.247789999993,2500.0
2019-06-24,VAR,2702.247789999993,2500.0
2019-06-25,VAR,2702.247789999993,2500.0
2019-06-26,VAR,2702.247789999993,2500.0
2019-06-27,VAR,2702.247789999993,2500.0
2019-06-28,VAR,2702.247789999993,2500.0
2019-07-01,VAR,2702.247789999993,2500.0
2019-07-02,VAR,2702.247789999993,2500.0
2019-07-03,VAR,2702.247789999993,2500.0
2019-07-05,VAR,2702.247789999993,2500.0
2019-07-08,VAR,2702.247789999993,2500.0
2019-07-09,VAR,2702.247789999993,2500.0
2019-07-10,VAR,2702.247789999993,2500.0
2019-07-11,VAR,2702.247789999993,2500.0
2019-07-12,VAR,2702.247789999993,2500.0
2019-07-15,VAR,2702.247789999993,2500.0
2019-07-16,VAR,2702.247789999993,2500.0
2019-07-17,VAR,2702.247789999993,2500.0
2019-07-18,VAR,2702.247789999993,2500.0
2019-07-19,VAR,2702.247789999993,2500.0
2019-07-22,VAR,2702.247789999993,2500.0
2019-07-23,VAR,2702.247789999993,2500.0
2019-07-24,VAR,2702.247789999993,2500.0
2019-07-25,VAR,2702.247789999993,2500.0
2019-07-26,VAR,2702.247789999993,2500.0
2019-07-29,VAR,2702.247789999993,2500.0
2019-07-30,VAR,2702.247789999993,2500.0
2019-07-31,VAR,2702.247789999993,2500.0
2019-08-01,VAR,2702.247789999993,2500.0
2019-08-02,VAR,2702.247789999993,2500.0
2019-08-05,VAR,3143.362749999993,2500.0
2019-08-06,VAR,3143.362749999993,2500.0
2019-08-07,VAR,3143.362749999993,2500.0
2019-08-08,VAR,3143.362749999993,2500.0
2019-08-09,VAR,3143.362749999993,2500.0
2019-08-12,VAR,3143.362749999993,2500.0
2019-08-13,VAR,3143.362749999993,2500.0
2019-08-14,VAR,3431.8410500000036,2500.0
2019-08-15,VAR,3431.8410500000036,2500.0
2019-08-16,VAR,3431.8410500000036,2500.0
2019-08-19,VAR,3431.8410500000036,2500.0
2019-08-20,VAR,3431.8410500000036,2500.0
2019-08-21,VAR,3431.8410500000036,2500.0
2019-08-22,VAR,3431.8410500000036,2500.0
2019-08-23,VAR,3431.8410500000036,2500.0
2019-08-26,VAR,3431.8410500000036,2500.0
2019-08-27,VAR,3431.8410500000036,2500.0
2019-08-28,VAR,3431.8410500000036,2500.0
2019-08-29,VAR,3431.8410500000036,2500.0
2019-08-30,VAR,3431.8410500000036,2500.0
2019-09-03,VAR,3431.8410500000036,2500.0
2019-09-04,VAR,3431.8410500000036,2500.0
2019-09-05,VAR,3431.8410500000036,2500.0
2019-09-06,VAR,3431.8410500000036,2500.0
2019-09-09,VAR,3431.8410500000036,2500.0
2019-09-10,VAR,3431.8410500000036,2500.0
2019-09-11,VAR,3431.8410500000036,2500.0
2019-09-12,VAR,3431.8410500000036,2500.0
2019-09-13,VAR,3431.8410500000036,2500.0
2019-09-16,VAR,3431.8410500000036,2500.0
2019-09-17,VAR,3431.8410500000036,2500.0
2019-09-18,VAR,3431.8410500000036,2500.0
2019-09-19,VAR,3431.8410500000036,2500.0
2019-09-20,VAR,3431.8410500000036,2500.0
2019-09-23,VAR,3431.8410500000036,2500.0
2019-09-24,VAR,3431.8410500000036,2500.0
2019-09-25,VAR,3431.8410500000036,2500.0
2019-09-26,VAR,3431.8410500000036,2500.0
2019-09-27,VAR,3431.8410500000036,2500.0
2019-09-30,VAR,3431.8410500000036,2500.0
2019-10-01,VAR,3431.8410500000036,2500.0
2019-10-02,VAR,3431.8410500000036,2500.0
2019-10-03,VAR,3431.8410500000036,2500.0
2019-10-04,VAR,3431.8410500000036,2500.0
2019-10-07,VAR,3431.8410500000036,2500.0
2019-10-08,VAR,3431.8410500000036,2500.0
2019-10-09,VAR,3200.9279499999984,2500.0
2019-10-10,VAR,3200.9279499999984,2500.0
2019-10-11,VAR,3200.9279499999984,2500.0
2019-10-14,VAR,3200.9279499999984,2500.0
2019-10-15,VAR,3200.9279499999984,2500.0
2019-10-16,VAR,3200.9279499999984,2500.0
2019-10-17,VAR,3200.9279499999984,2500.0
2019-10-18,VAR,3200.9279499999984,2500.0
2019-10-21,VAR,3200.9279499999984,2500.0
2019-10-22,VAR,3200.9279499999984,2500.0
2019-10-23,VAR,2966.114800000002,2500.0
2019-10-24,VAR,2966.114800000002,2500.0
2019-10-25,VAR,2966.114800000002,2500.0
2019-10-28,VAR,2966.114800000002,2500.0
2019-10-29,VAR,2966.114800000002,2500.0
2019-10-30,VAR,2966.114800000002,2500.0
2019-10-31,VAR,2966.114800000002,2500.0
2019-11-01,VAR,2966.114800000002,2500.0
2019-11-04,VAR,2966.114800000002,2500.0
2019-11-05,VAR,2966.114800000002,2500.0
2019-11-06,VAR,2966.114800000002,2500.0
2019-11-07,VAR,2966.114800000002,2500.0
2019-11-08,VAR,2966.114800000002,2500.0
2019-11-11,VAR,2966.114800000002,2500.0
2019-11-12,VAR,2966.114800000002,2500.0
2019-11-13,VAR,2966.114800000002,2500.0
2019-11-14,VAR,2966.114800000002,2500.0
2019-11-15,VAR,2966.114800000002,2500.0
2019-11-18,VAR,2966.114800000002,2500.0
2019-11-19,VAR,2966.114800000002,2500.0
2019-11-20,VAR,2966.114800000002,2500.0
2019-11-21,VAR,2966.114800000002,2500.0
2019-11-22,VAR,2966.114800000002,2500.0
2019-11-25,VAR,2966.114800000002,2500.0
2019-11-26,VAR,2966.114800000002,2500.0
2019-11-27,VAR,2966.114800000002,2500.0
2019-11-29,VAR,2966.114800000002,2500.0
2019-12-02,VAR,2966.114800000002,2500.0
2019-12-03,VAR,2966.114800000002,2500.0
2019-12-04,VAR,2966.114800000002,2500.0
2019-12-05,VAR,2966.114800000002,2500.0
2019-12-06,VAR,2966.114800000002,2500.0
2019-12-09,VAR,2966.114800000002,2500.0
2019-12-10,VAR,2966.114800000002,2500.0
2019-12-11,VAR,2966.114800000002,2500.0
2019-12-12,VAR,2966.114800000002,2500.0
2019-12-13,VAR,2966.114800000002,2500.0
2019-12-16,VAR,2966.114800000002,2500.0
2019-12-17,VAR,2966.114800000002,2500.0
2019-12-18,VAR,2966.114800000002,2500.0
2019-12-19,VAR,2966.114800000002,2500.0
2019-12-20,VAR,2966.114800000002,2500.0
2019-12-23,VAR,2966.114800000002,2500.0
2019-12-24,VAR,2966.114800000002,2500.0
2019-12-26,VAR,2966.114800000002,2500.0
2019-12-27,VAR,2966.114800000002,2500.0
2019-12-30,VAR,2966.114800000002,2500.0
2019-12-31,VAR,2966.114800000002,2500.0
2020-01-02,VAR,2966.114800000002,2500.0
2020-01-03,VAR,2966.114800000002,2500.0
2020-01-06,VAR,2966.114800000002,2500.0
2020-01-07,VAR,2966.114800000002,2500.0
2020-01-08,VAR,2966.114800000002,2500.0
2020-01-09,VAR,2966.114800000002,2500.0
2020-01-10,VAR,2966.114800000002,2500.0
2020-01-13,VAR,2966.114800000002,2500.0
2020-01-14,VAR,2966.114800000002,2500.0
2020-01-15,VAR,2966.114800000002,2500.0
2020-01-16,VAR,2966.114800000002,2500.0
2020-01-17,VAR,2966.114800000002,2500.0
2020-01-21,VAR,2966.114800000002,2500.0
2020-01-22,VAR,2966.114800000002,2500.0
2020-01-23,VAR,2966.114800000002,2500.0
2020-01-24,VAR,2966.114800000002,2500.0
2020-01-27,VAR,2966.114800000002,2500.0
2020-01-28,VAR,2966.114800000002,2500.0
2020-01-29,VAR,2966.114800000002,2500.0
2020-01-30,VAR,2966.114800000002,2500.0
2020-01-31,VAR,2966.114800000002,2500.0
2020-02-03,VAR,2966.114800000002,2500.0
2020-02-04,VAR,2966.114800000002,2500.0
2020-02-05,VAR,2966.114800000002,2500.0
2020-02-06,VAR,2966.114800000002,2500.0
2020-02-07,VAR,2966.114800000002,2500.0
2020-02-10,VAR,2966.114800000002,2500.0
2020-02-11,VAR,2966.114800000002,2500.0
2020-02-12,VAR,2966.114800000002,2500.0
2020-02-13,VAR,2966.114800000002,2500.0
2020-02-14,VAR,2966.114800000002,2500.0
2020-02-18,VAR,2966.114800000002,2500.0
2020-02-19,VAR,2966.114800000002,2500.0
2020-02-20,VAR,2966.114800000002,2500.0
2020-02-21,VAR,2966.114800000002,2500.0
2020-02-24,VAR,3261.5440000000112,2500.0
2020-02-25,VAR,3520.822800000008,2500.0
2020-02-26,VAR,3520.822800000008,2500.0
2020-02-27,VAR,3748.476639999996,2500.0
2020-02-28,VAR,3748.476639999996,2500.0
2020-03-02,VAR,3748.476639999996,2500.0
2020-03-03,VAR,3759.1527599999963,2500.0
2020-03-04,VAR,3759.1527599999963,2500.0
2020-03-05,VAR,4064.457399999991,2500.0
2020-03-06,VAR,4064.457399999991,2500.0
2020-03-09,VAR,4319.469440000003,2500.0
2020-03-10,VAR,4319.469440000003,2500.0
2020-03-11,VAR,4996.16188905001,2500.0
2020-03-12,DRAWDOWN,0.25974761943952424,0.2
2020-03-12,VAR,5579.059745950002,2500.0
2020-03-13,DRAWDOWN,0.20533371852531784,0.2
2020-03-13,VAR,5579.059745950002,2500.0
2020-03-16,DRAWDOWN,0.2772512218494386,0.2
2020-03-16,VAR,7540.515359999996,2500.0
2020-03-17,DRAWDOWN,0.24906197506501124,0.2
2020-03-17,VAR,7540.515359999996,2500.0
2020-03-18,DRAWDOWN,0.2767161786235713,0.2
2020-03-18,VAR,7540.515359999996,2500.0
2020-03-19,DRAWDOWN,0.27594070954314676,0.2
2020-03-19,VAR,7540.515359999996,2500.0
2020-03-20,DRAWDOWN,0.29196847020405664,0.2
2020-03-20,VAR,7540.515359999996,2500.0
2020-03-23,DRAWDOWN,0.3004963447702146,0.2
2020-03-23,VAR,7540.515359999996,2500.0
2020-03-24,DRAWDOWN,0.2729435384940592,0.2
2020-03-24,VAR,7540.515359999996,2500.0
2020-03-25,DRAWDOWN,0.2686538412835878,0.2
2020-03-25,VAR,7540.515359999996,2500.0
2020-03-26,DRAWDOWN,0.2548515783048678,0.2
2020-03-26,VAR,7540.515359999996,2500.0
2020-03-27,DRAWDOWN,0.262110400823538,0.2
2020-03-27,VAR,7540.515359999996,2500.0
2020-03-30,DRAWDOWN,0.25690154094669054,0.2
2020-03-30,VAR,7540.515359999996,2500.0
2020-03-31,DRAWDOWN,0.25873055223796493,0.2
2020-03-31,VAR,7540.515359999996,2500.0
2020-04-01,DRAWDOWN,0.2632602100555711,0.2
2020-04-01,VAR,7540.515359999996,2500.0
2020-04-02,DRAWDOWN,0.26301435244010307,0.2
2020-04-02,VAR,7540.515359999996,2500.0
2020-04-03,DRAWDOWN,0.26310659432053857,0.2
2020-04-03,VAR,7540.515359999996,2500.0
2020-04-06,DRAWDOWN,0.26310659432053857,0.2
2020-04-06,VAR,7540.515359999996,2500.0
2020-04-07,DRAWDOWN,0.26310659432053857,0.2
2020-04-07,VAR,7540.515359999996,2500.0
2020-04-08,DRAWDOWN,0.26310659432053857,0.2
2020-04-08,VAR,7540.515359999996,2500.0
2020-04-09,DRAWDOWN,0.26310659432053857,0.2
2020-04-09,VAR,7540.515359999996,2500.0
2020-04-13,DRAWDOWN,0.26310659432053857,0.2
2020-04-13,VAR,7540.515359999996,2500.0
2020-04-14,DRAWDOWN,0.26310659432053857,0.2
2020-04-14,VAR,7540.515359999996,2500.0
2020-04-15,DRAWDOWN,0.26310659432053857,0.2
2020-04-15,VAR,7540.515359999996,2500.0
2020-04-16,DRAWDOWN,0.26310659432053857,0.2
2020-04-16,VAR,7540.515359999996,2500.0
2020-04-17,DRAWDOWN,0.26310659432053857,0.2
2020-04-17,VAR,7540.515359999996,2500.0
2020-04-20,DRAWDOWN,0.26310659432053857,0.2
2020-04-20,VAR,7540.515359999996,2500.0
2020-04-21,DRAWDOWN,0.26310659432053857,0.2
2020-04-21,VAR,7540.515359999996,2500.0
2020-04-22,DRAWDOWN,0.26310659432053857,0.2
2020-04-22,VAR,7540.515359999996,2500.0
2020-04-23,DRAWDOWN,0.26310659432053857,0.2
2020-04-23,VAR,7540.515359999996,2500.0
2020-04-24,DRAWDOWN,0.26310659432053857,0.2
2020-04-24,VAR,7540.515359999996,2500.0
2020-04-27,DRAWDOWN,0.26310659432053857,0.2
2020-04-27,VAR,7540.515359999996,2500.0
2020-04-28,DRAWDOWN,0.26310659432053857,0.2
2020-04-28,VAR,7540.515359999996,2500.0
2020-04-29,DRAWDOWN,0.26310659432053857,0.2
2020-04-29,VAR,7540.515359999996,2500.0
2020-04-30,DRAWDOWN,0.26310659432053857,0.2
2020-04-30,VAR,7540.515359999996,2500.0
2020-05-01,DRAWDOWN,0.26310659432053857,0.2
2020-05-01,VAR,7540.515359999996,2500.0
2020-05-04,DRAWDOWN,0.26310659432053857,0.2
2020-05-04,VAR,7540.515359999996,2500.0
2020-05-05,DRAWDOWN,0.26310659432053857,0.2
2020-05-05,VAR,7540.515359999996,2500.0
2020-05-06,DRAWDOWN,0.26310659432053857,0.2
2020-05-06,VAR,7540.515359999996,2500.0
2020-05-07,DRAWDOWN,0.26310659432053857,0.2
2020-05-07,VAR,7540.515359999996,2500.0
2020-05-08,DRAWDOWN,0.26310659432053857,0.2
2020-05-08,VAR,7540.515359999996,2500.0
2020-05-11,DRAWDOWN,0.26310659432053857,0.2
2020-05-11,VAR,7540.515359999996,2500.0
2020-05-12,DRAWDOWN,0.26310659432053857,0.2
2020-05-12,VAR,7540.515359999996,2500.0
2020-05-13,DRAWDOWN,0.26310659432053857,0.2
2020-05-13,VAR,7540.515359999996,2500.0
2020-05-14,DRAWDOWN,0.26310659432053857,0.2
2020-05-14,VAR,7540.515359999996,2500.0
2020-05-15,DRAWDOWN,0.26310659432053857,0.2
2020-05-15,VAR,7540.515359999996,2500.0
2020-05-18,DRAWDOWN,0.26310659432053857,0.2
2020-05-18,VAR,7540.515359999996,2500.0
2020-05-19,DRAWDOWN,0.26310659432053857,0.2
2020-05-19,VAR,7540.515359999996,2500.0
2020-05-20,DRAWDOWN,0.26310659432053857,0.2
2020-05-20,VAR,7540.515359999996,2500.0
2020-05-21,DRAWDOWN,0.26310659432053857,0.2
2020-05-21,VAR,7540.515359999996,2500.0
2020-05-22,DRAWDOWN,0.26310659432053857,0.2
2020-05-22,VAR,7540.515359999996,2500.0
2020-05-26,DRAWDOWN,0.26310659432053857,0.2
2020-05-26,VAR,7540.515359999996,2500.0
2020-05-27,DRAWDOWN,0.26310659432053857,0.2
2020-05-27,VAR,7540.515359999996,2500.0
2020-05-28,DRAWDOWN,0.26310659432053857,0.2
2020-05-28,VAR,7540.515359999996,2500.0
2020-05-29,DRAWDOWN,0.26310659432053857,0.2
2020-05-29,VAR,7540.515359999996,2500.0
2020-06-01,DRAWDOWN,0.26310659432053857,0.2
2020-06-01,VAR,7540.515359999996,2500.0
2020-06-02,DRAWDOWN,0.26310659432053857,0.2
2020-06-02,VAR,7540.515359999996,2500.0
2020-06-03,DRAWDOWN,0.26279121431593805,0.2
2020-06-03,VAR,7540.515359999996,2500.0
2020-06-04,DRAWDOWN,0.2629110822400151,0.2
2020-06-04,VAR,7540.515359999996,2500.0
2020-06-05,DRAWDOWN,0.25984603456551314,0.2
2020-06-05,VAR,7540.515359999996,2500.0
2020-06-08,DRAWDOWN,0.2573759853265238,0.2
2020-06-08,VAR,7540.515359999996,2500.0
2020-06-09,DRAWDOWN,0.2589602167821387,0.2
2020-06-09,VAR,7540.515359999996,2500.0
2020-06-10,DRAWDOWN,0.2609289231127737,0.2
2020-06-10,VAR,7540.515359999996,2500.0
2020-06-11,DRAWDOWN,0.28158473395979017,0.2
2020-06-11,VAR,7540.515359999996,2500.0
2020-06-12,DRAWDOWN,0.2780086307457541,0.2
2020-06-12,VAR,7540.515359999996,2500.0
2020-06-15,DRAWDOWN,0.27261137532501123,0.2
2020-06-15,VAR,7540.515359999996,2500.0
2020-06-16,DRAWDOWN,0.2640147405336562,0.2
2020-06-16,VAR,7540.515359999996,2500.0
2020-06-17,DRAWDOWN,0.26663785723802785,0.2
2020-06-17,VAR,7540.515359999996,2500.0
2020-06-18,DRAWDOWN,0.2661202593788954,0.2
2020-06-18,VAR,7540.515359999996,2500.0
2020-06-19,DRAWDOWN,0.2707273921303387,0.2
2020-06-19,VAR,7540.515359999996,2500.0
2020-06-22,DRAWDOWN,0.2659575914564973,0.2
2020-06-22,VAR,7540.515359999996,2500.0
2020-06-23,DRAWDOWN,0.2626105159201479,0.2
2020-06-23,VAR,7540.515359999996,2500.0
2020-06-24,DRAWDOWN,0.2814052431760354,0.2
2020-06-24,VAR,7540.515359999996,2500.0
2020-06-25,DRAWDOWN,0.27370924636456545,0.2
2020-06-25,VAR,7540.515359999996,2500.0
2020-06-26,DRAWDOWN,0.29097084605051526,0.2
2020-06-26,VAR,7540.515359999996,2500.0
2020-06-29,DRAWDOWN,0.2805324230248331,0.2
2020-06-29,VAR,7540.515359999996,2500.0
2020-06-30,DRAWDOWN,0.2713058285569072,0.2
2020-06-30,VAR,7540.515359999996,2500.0
2020-07-01,DRAWDOWN,0.26619540332378133,0.2
2020-07-01,VAR,7540.515359999996,2500.0
2020-07-02,DRAWDOWN,0.26217790071476943,0.2
2020-07-02,VAR,7540.515359999996,2500.0
2020-07-06,DRAWDOWN,0.25076799091209717,0.2
2020-07-06,VAR,7540.515359999996,2500.0
2020-07-07,DRAWDOWN,0.25849181677186617,0.2
2020-07-07,VAR,7540.515359999996,2500.0
2020-07-08,DRAWDOWN,0.25285516953453707,0.2
2020-07-08,VAR,7540.515359999996,2500.0
2020-07-09,DRAWDOWN,0.2571180737512784,0.2
2020-07-09,VAR,7540.515359999996,2500.0
2020-07-10,DRAWDOWN,0.24953845295996885,0.2
2020-07-10,VAR,7540.515359999996,2500.0
2020-07-13,DRAWDOWN,0.2560251511271643,0.2
2020-07-13,VAR,7540.515359999996,2500.0
2020-07-14,DRAWDOWN,0.24634570214600598,0.2
2020-07-14,VAR,7540.515359999996,2500.0
2020-07-15,DRAWDOWN,0.2394162691195049,0.2
2020-07-15,VAR,7540.515359999996,2500.0
2020-07-16,DRAWDOWN,0.24198413130347673,0.2
2020-07-16,VAR,7540.515359999996,2500.0
2020-07-17,DRAWDOWN,0.23972997839124144,0.2
2020-07-17,VAR,7540.515359999996,2500.0
2020-07-20,DRAWDOWN,0.2336075877654172,0.2
2020-07-20,VAR,7540.515359999996,2500.0
2020-07-21,DRAWDOWN,0.2319580841753191,0.2
2020-07-21,VAR,7540.515359999996,2500.0
2020-07-22,DRAWDOWN,0.22759651333278996,0.2
2020-07-22,VAR,7540.515359999996,2500.0
2020-07-23,DRAWDOWN,0.23685346676249677,0.2
2020-07-23,VAR,7540.515359999996,2500.0
2020-07-24,DRAWDOWN,0.24176402883056486,0.2
2020-07-24,VAR,7540.515359999996,2500.0
2020-07-27,DRAWDOWN,0.23622351830554206,0.2
2020-07-27,VAR,7540.515359999996,2500.0
2020-07-28,DRAWDOWN,0.24106577270960308,0.2
2020-07-28,VAR,7540.515359999996,2500.0
2020-07-29,DRAWDOWN,0.2316924432597358,0.2
2020-07-29,VAR,7540.515359999996,2500.0
2020-07-30,DRAWDOWN,0.23445510878180204,0.2
2020-07-30,VAR,7540.515359999996,2500.0
2020-07-31,DRAWDOWN,0.22842379504132065,0.2
2020-07-31,VAR,7540.515359999996,2500.0
2020-08-03,DRAWDOWN,0.2230704981139472,0.2
2020-08-03,VAR,7540.515359999996,2500.0
2020-08-04,DRAWDOWN,0.22007002072459692,0.2
2020-08-04,VAR,7540.515359999996,2500.0
2020-08-05,DRAWDOWN,0.21522523640705432,0.2
2020-08-05,VAR,7540.515359999996,2500.0
2020-08-06,DRAWDOWN,0.20992253774931574,0.2
2020-08-06,VAR,7540.515359999996,2500.0
2020-08-07,DRAWDOWN,0.20936595678333167,0.2
2020-08-07,VAR,7540.515359999996,2500.0
2020-08-10,DRAWDOWN,0.20704349620708923,0.2
2020-08-10,VAR,7540.515359999996,2500.0
2020-08-11,DRAWDOWN,0.21360609177873707,0.2
2020-08-11,VAR,7540.515359999996,2500.0
2020-08-12,DRAWDOWN,0.20263385700840686,0.2
2020-08-12,VAR,7540.515359999996,2500.0
2020-08-13,DRAWDOWN,0.20401771968292162,0.2
2020-08-13,VAR,7540.515359999996,2500.0
2020-08-14,DRAWDOWN,0.2039924205481042,0.2
2020-08-14,VAR,7540.515359999996,2500.0
2020-08-17,DRAWDOWN,0.20152322498992056,0.2
2020-08-17,VAR,7540.515359999996,2500.0
2020-08-18,VAR,7540.515359999996,2500.0
2020-08-19,DRAWDOWN,0.20312466022386544,0.2
2020-08-19,VAR,7540.515359999996,2500.0
2020-08-20,DRAWDOWN,0.2006504048387183,0.2
2020-08-20,VAR,7540.515359999996,2500.0
2020-08-21,VAR,7540.515359999996,2500.0
2020-08-24,VAR,7540.515359999996,2500.0
2020-08-25,VAR,7540.515359999996,2500.0
2020-08-26,VAR,7540.515359999996,2500.0
2020-08-27,VAR,7540.515359999996,2500.0
2020-08-28,VAR,7540.515359999996,2500.0
2020-08-31,VAR,7540.515359999996,2500.0
2020-09-01,VAR,7540.515359999996,2500.0
2020-09-02,VAR,7540.515359999996,2500.0
2020-09-03,VAR,7540.515359999996,2500.0
2020-09-04,VAR,7540.515359999996,2500.0
2020-09-08,DRAWDOWN,0.21261183578041115,0.2
2020-09-08,VAR,7540.515359999996,2500.0
2020-09-09,VAR,7540.515359999996,2500.0
2020-09-10,DRAWDOWN,0.21098763132513057,0.2
2020-09-10,VAR,7540.515359999996,2500.0
2020-09-11,DRAWDOWN,0.21058031525456958,0.2
2020-09-11,VAR,7540.515359999996,2500.0
2020-09-14,DRAWDOWN,0.20020766997941283,0.2
2020-09-14,VAR,7540.515359999996,2500.0
2020-09-15,VAR,7540.515359999996,2500.0
2020-09-16,VAR,7540.515359999996,2500.0
2020-09-17,DRAWDOWN,0.20641101783665286,0.2
2020-09-17,VAR,7540.515359999996,2500.0
2020-09-18,DRAWDOWN,0.21554147559227252,0.2
2020-09-18,VAR,7540.515359999996,2500.0
2020-09-21,DRAWDOWN,0.2242342583155501,0.2
2020-09-21,VAR,7540.515359999996,2500.0
2020-09-22,DRAWDOWN,0.21636369747383982,0.2
2020-09-22,VAR,7540.515359999996,2500.0
2020-09-23,DRAWDOWN,0.23452341644580918,0.2
2020-09-23,VAR,7540.515359999996,2500.0
2020-09-24,DRAWDOWN,0.2324640668716682,0.2
2020-09-24,VAR,7540.515359999996,2500.0
2020-09-25,DRAWDOWN,0.22009531985941436,0.2
2020-09-25,VAR,7540.515359999996,2500.0
2020-09-28,DRAWDOWN,0.20713963291939558,0.2
2020-09-28,VAR,7540.515359999996,2500.0
2020-09-29,DRAWDOWN,0.21142783627095418,0.2
2020-09-29,VAR,7540.515359999996,2500.0
2020-09-30,DRAWDOWN,0.20546989002144367,0.2
2020-09-30,VAR,7540.515359999996,2500.0
2020-10-01,DRAWDOWN,0.20038223400965333,0.2
2020-10-01,VAR,7540.515359999996,2500.0
2020-10-02,DRAWDOWN,0.2079820941088169,0.2
2020-10-02,VAR,7540.515359999996,2500.0
2020-10-05,VAR,7540.515359999996,2500.0
2020-10-06,DRAWDOWN,0.2053686934821737,0.2
2020-10-06,VAR,7540.515359999996,2500.0
2020-10-07,VAR,7540.515359999996,2500.0
2020-10-08,VAR,7540.515359999996,2500.0
2020-10-09,VAR,7540.515359999996,2500.0
2020-10-12,VAR,7540.515359999996,2500.0
2020-10-13,VAR,7540.515359999996,2500.0
2020-10-14,VAR,7540.515359999996,2500.0
2020-10-15,VAR,7540.515359999996,2500.0
2020-10-16,VAR,7540.515359999996,2500.0
2020-10-19,VAR,7540.515359999996,2500.0
2020-10-20,VAR,7540.515359999996,2500.0
2020-10-21,VAR,7540.515359999996,2500.0
2020-10-22,VAR,7540.515359999996,2500.0
2020-10-23,VAR,7540.515359999996,2500.0
2020-10-26,VAR,7540.515359999996,2500.0
2020-10-27,VAR,7540.515359999996,2500.0
2020-10-28,DRAWDOWN,0.2249856426196286,0.2
2020-10-28,VAR,7540.515359999996,2500.0
2020-10-29,DRAWDOWN,0.21708978264310066,0.2
2020-10-29,VAR,7540.515359999996,2500.0
2020-10-30,DRAWDOWN,0.22527405275654752,0.2
2020-10-30,VAR,7540.515359999996,2500.0
2020-11-02,DRAWDOWN,0.21657874011978817,0.2
2020-11-02,VAR,7540.515359999996,2500.0
2020-11-03,DRAWDOWN,0.20277553216338465,0.2
2020-11-03,VAR,7540.515359999996,2500.0
2020-11-04,VAR,7540.515359999996,2500.0
2020-11-05,VAR,7540.515359999996,2500.0
2020-11-06,VAR,7540.515359999996,2500.0
2020-11-09,VAR,7540.515359999996,2500.0
2020-11-10,VAR,7540.515359999996,2500.0
2020-11-11,VAR,7540.515359999996,2500.0
2020-11-12,VAR,7540.515359999996,2500.0
2020-11-13,VAR,7540.515359999996,2500.0
2020-11-16,VAR,7540.515359999996,2500.0
2020-11-17,VAR,7540.515359999996,2500.0
2020-11-18,VAR,7540.515359999996,2500.0
2020-11-19,VAR,7540.515359999996,2500.0
2020-11-20,VAR,7540.515359999996,2500.0
2020-11-23,VAR,7540.515359999996,2500.0
2020-11-24,VAR,7540.515359999996,2500.0
2020-11-25,VAR,7540.515359999996,2500.0
2020-11-27,VAR,7540.515359999996,2500.0
2020-11-30,VAR,7540.515359999996,2500.0
2020-12-01,VAR,7540.515359999996,2500.0
2020-12-02,VAR,7540.515359999996,2500.0
2020-12-03,VAR,7540.515359999996,2500.0
2020-12-04,VAR,7540.515359999996,2500.0
2020-12-07,VAR,7540.515359999996,2500.0
2020-12-08,VAR,7540.515359999996,2500.0
2020-12-09,VAR,7540.515359999996,2500.0
2020-12-10,VAR,7540.515359999996,2500.0
2020-12-11,VAR,7540.515359999996,2500.0
2020-12-14,VAR,7540.515359999996,2500.0
2020-12-15,VAR,7540.515359999996,2500.0
2020-12-16,VAR,7540.515359999996,2500.0
2020-12-17,VAR,7540.515359999996,2500.0
2020-12-18,VAR,7540.515359999996,2500.0
2020-12-21,VAR,7540.515359999996,2500.0
2020-12-22,VAR,7540.515359999996,2500.0
2020-12-23,VAR,7540.515359999996,2500.0
2020-12-24,VAR,7540.515359999996,2500.0
2020-12-28,VAR,7540.515359999996,2500.0
2020-12-29,VAR,7540.515359999996,2500.0
2020-12-30,VAR,7540.515359999996,2500.0
2020-12-31,VAR,7540.515359999996,2500.0
2021-01-04,VAR,7540.515359999996,2500.0
2021-01-05,VAR,7540.515359999996,2500.0
2021-01-06,VAR,7540.515359999996,2500.0
2021-01-07,VAR,7540.515359999996,2500.0
2021-01-08,VAR,7540.515359999996,2500.0
2021-01-11,VAR,7540.515359999996,2500.0
2021-01-12,VAR,7540.515359999996,2500.0
2021-01-13,VAR,7540.515359999996,2500.0
2021-01-14,VAR,7540.515359999996,2500.0
2021-01-15,VAR,7540.515359999996,2500.0
2021-01-19,VAR,7540.515359999996,2500.0
2021-01-20,VAR,7540.515359999996,2500.0
2021-01-21,VAR,7540.515359999996,2500.0
2021-01-22,VAR,7540.515359999996,2500.0
2021-01-25,VAR,7540.515359999996,2500.0
2021-01-26,VAR,7540.515359999996,2500.0
2021-01-27,VAR,7540.515359999996,2500.0
2021-01-28,VAR,7540.515359999996,2500.0
2021-01-29,VAR,7540.515359999996,2500.0
2021-02-01,VAR,7540.515359999996,2500.0
2021-02-02,VAR,7540.515359999996,2500.0
2021-02-03,VAR,7540.515359999996,2500.0
2021-02-04,VAR,7540.515359999996,2500.0
2021-02-05,VAR,7540.515359999996,2500.0
2021-02-08,VAR,7540.515359999996,2500.0
2021-02-09,VAR,7540.515359999996,2500.0
2021-02-10,VAR,7540.515359999996,2500.0
2021-02-11,VAR,7540.515359999996,2500.0
2021-02-12,VAR,7540.515359999996,2500.0
2021-02-16,VAR,7540.515359999996,2500.0
2021-02-17,VAR,7540.515359999996,2500.0
2021-02-18,VAR,7540.515359999996,2500.0
2021-02-19,VAR,7540.515359999996,2500.0
2021-02-22,VAR,7540.515359999996,2500.0
2021-02-23,VAR,7540.515359999996,2500.0
2021-02-24,VAR,7486.019105950001,2500.0
2021-02-25,VAR,7486.019105950001,2500.0
2021-02-26,VAR,7486.019105950001,2500.0
2021-03-01,VAR,7486.019105950001,2500.0
2021-03-02,VAR,7486.019105950001,2500.0
2021-03-03,VAR,7486.019105950001,2500.0
2021-03-04,VAR,7486.019105950001,2500.0
2021-03-05,VAR,4758.10126905,2500.0
2021-03-08,VAR,4758.10126905,2500.0
2021-03-09,VAR,3868.8284927999985,2500.0
2021-03-10,VAR,3754.608577200004,2500.0
2021-03-11,VAR,3754.608577200004,2500.0
2021-03-12,VAR,3409.427999999992,2500.0
2021-03-15,VAR,3409.427999999992,2500.0
2021-03-16,VAR,3056.2514999999803,2500.0
2021-03-17,VAR,3056.2514999999803,2500.0
2021-03-18,VAR,3056.2514999999803,2500.0
2021-03-19,VAR,3056.2514999999803,2500.0
2021-03-22,VAR,3056.2514999999803,2500.0
2021-03-23,VAR,3056.2514999999803,2500.0
2021-03-24,VAR,3056.2514999999803,2500.0
2021-03-25,VAR,3056.2514999999803,2500.0
2021-03-26,VAR,3056.2514999999803,2500.0
2021-03-29,VAR,3056.2514999999803,2500.0
2021-03-30,VAR,3056.2514999999803,2500.0
2021-03-31,VAR,3056.2514999999803,2500.0
2021-04-01,VAR,3056.2514999999803,2500.0
2021-04-05,VAR,3056.2514999999803,2500.0
2021-04-06,VAR,3056.2514999999803,2500.0
2021-04-07,VAR,3056.2514999999803,2500.0
2021-04-08,VAR,3056.2514999999803,2500.0
2021-04-09,VAR,3056.2514999999803,2500.0
2021-04-12,VAR,3056.2514999999803,2500.0
2021-04-13,VAR,3056.2514999999803,2500.0
2021-04-14,VAR,3056.2514999999803,2500.0
2021-04-15,VAR,3056.2514999999803,2500.0
2021-04-16,VAR,3056.2514999999803,2500.0
2021-04-19,VAR,3056.2514999999803,2500.0
2021-04-20,VAR,3056.2514999999803,2500.0
2021-04-21,VAR,3056.2514999999803,2500.0
2021-04-22,VAR,3056.2514999999803,2500.0
2021-04-23,VAR,3056.2514999999803,2500.0
2021-04-26,VAR,3056.2514999999803,2500.0
2021-04-27,VAR,3056.2514999999803,2500.0
2021-04-28,VAR,3056.2514999999803,2500.0
2021-04-29,VAR,3056.2514999999803,2500.0
2021-04-30,VAR,3056.2514999999803,2500.0
2021-05-03,VAR,3056.2514999999803,2500.0
2021-05-04,VAR,3056.2514999999803,2500.0
2021-05-05,VAR,3056.2514999999803,2500.0
2021-05-06,VAR,3056.2514999999803,2500.0
2021-05-07,VAR,3056.2514999999803,2500.0
2021-05-10,VAR,3056.2514999999803,2500.0
2021-05-11,VAR,3056.2514999999803,2500.0
2021-05-12,VAR,3056.2514999999803,2500.0
2021-05-13,VAR,3056.2514999999803,2500.0
2021-05-14,VAR,3056.2514999999803,2500.0
2021-05-17,VAR,3056.2514999999803,2500.0
2021-05-18,VAR,3056.2514999999803,2500.0
2021-05-19,VAR,3056.2514999999803,2500.0
2021-05-20,VAR,3056.2514999999803,2500.0
2021-05-21,VAR,3056.2514999999803,2500.0
2021-05-24,VAR,3056.2514999999803,2500.0
2021-05-25,VAR,3056.2514999999803,2500.0
2021-05-26,VAR,3056.2514999999803,2500.0
2021-05-27,VAR,3056.2514999999803,2500.0
2021-05-28,VAR,3056.2514999999803,2500.0
2021-06-01,VAR,3056.2514999999803,2500.0
2021-06-02,VAR,3056.2514999999803,2500.0
2021-06-03,VAR,3056.2514999999803,2500.0
2021-06-04,VAR,3056.2514999999803,2500.0
2021-06-07,VAR,3056.2514999999803,2500.0
2021-06-08,VAR,3056.2514999999803,2500.0
2021-06-09,VAR,3056.2514999999803,2500.0
2021-06-10,VAR,3056.2514999999803,2500.0
2021-06-11,VAR,3056.2514999999803,2500.0
2021-06-14,VAR,3056.2514999999803,2500.0
2021-06-15,VAR,3056.2514999999803,2500.0
2021-06-16,VAR,3056.2514999999803,2500.0
2021-06-17,VAR,3056.2514999999803,2500.0
2021-06-18,VAR,3056.2514999999803,2500.0
2021-06-21,VAR,3056.2514999999803,2500.0
2021-06-22,VAR,3056.2514999999803,2500.0
2021-06-23,VAR,3056.2514999999803,2500.0
2021-06-24,VAR,3056.2514999999803,2500.0
2021-06-25,VAR,3056.2514999999803,2500.0
2021-06-28,VAR,3056.2514999999803,2500.0
2021-06-29,VAR,3056.2514999999803,2500.0
2021-06-30,VAR,3056.2514999999803,2500.0
2021-07-01,VAR,3056.2514999999803,2500.0
2021-07-02,VAR,3056.2514999999803,2500.0
2021-07-06,VAR,3056.2514999999803,2500.0
2021-07-07,VAR,3056.2514999999803,2500.0
2021-07-08,VAR,3056.2514999999803,2500.0
2021-07-09,VAR,3056.2514999999803,2500.0
2021-07-12,VAR,3056.2514999999803,2500.0
2021-07-13,VAR,3056.2514999999803,2500.0
2021-07-14,VAR,3056.2514999999803,2500.0
2021-07-15,VAR,3056.2514999999803,2500.0
2021-07-16,VAR,3056.2514999999803,2500.0
2021-07-19,VAR,3056.2514999999803,2500.0
2021-07-20,VAR,3056.2514999999803,2500.0
2021-07-21,VAR,3056.2514999999803,2500.0
2021-07-22,VAR,3056.2514999999803,2500.0
2021-07-23,VAR,3056.2514999999803,2500.0
2021-07-26,VAR,3056.2514999999803,2500.0
2021-07-27,VAR,3056.2514999999803,2500.0
2021-07-28,VAR,3056.2514999999803,2500.0
2021-07-29,VAR,3056.2514999999803,2500.0
2021-07-30,VAR,3056.2514999999803,2500.0
2021-08-02,VAR,3056.2514999999803,2500.0
2021-08-03,VAR,3056.2514999999803,2500.0
2021-08-04,VAR,3056.2514999999803,2500.0
2021-08-05,VAR,3056.2514999999803,2500.0
2021-08-06,VAR,3056.2514999999803,2500.0
2021-08-09,VAR,3056.2514999999803,2500.0
2021-08-10,VAR,3056.2514999999803,2500.0
2021-08-11,VAR,3056.2514999999803,2500.0
2021-08-12,VAR,3056.2514999999803,2500.0
2021-08-13,VAR,3056.2514999999803,2500.0
2021-08-16,VAR,3056.2514999999803,2500.0
2021-08-17,VAR,3056.2514999999803,2500.0
2021-08-18,VAR,3056.2514999999803,2500.0
2021-08-19,VAR,3056.2514999999803,2500.0
2021-08-20,VAR,3056.2514999999803,2500.0
2021-08-23,VAR,3056.2514999999803,2500.0
2021-08-24,VAR,3056.2514999999803,2500.0
2021-08-25,VAR,3056.2514999999803,2500.0
2021-08-26,VAR,3056.2514999999803,2500.0
2021-08-27,VAR,3056.2514999999803,2500.0
2021-08-30,VAR,3056.2514999999803,2500.0
2021-08-31,VAR,3056.2514999999803,2500.0
2021-09-01,VAR,3029.5657499999916,2500.0
2021-09-02,VAR,3029.5657499999916,2500.0
2021-09-03,VAR,2959.9171499999916,2500.0
2021-09-07,VAR,2959.9171499999916,2500.0
2021-09-08,VAR,2959.9171499999916,2500.0
2021-09-09,VAR,2959.9171499999916,2500.0
2021-09-10,VAR,2959.9171499999916,2500.0
2021-09-13,VAR,2959.9171499999916,2500.0
2021-09-14,VAR,2959.9171499999916,2500.0
2021-09-15,VAR,2959.9171499999916,2500.0
2021-09-16,VAR,2959.9171499999916,2500.0
2021-09-17,VAR,2959.9171499999916,2500.0
2021-09-20,VAR,2959.9171499999916,2500.0
2021-09-21,VAR,2959.9171499999916,2500.0
2021-09-22,VAR,2959.9171499999916,2500.0
2021-09-23,VAR,2959.9171499999916,2500.0
2021-09-24,VAR,2959.9171499999916,2500.0
2021-09-27,VAR,2959.9171499999916,2500.0
2021-09-28,VAR,2984.429399999989,2500.0
2021-09-29,VAR,2984.429399999989,2500.0
2021-09-30,VAR,2984.429399999989,2500.0
2021-10-01,VAR,2984.429399999989,2500.0
2021-10-04,VAR,2984.429399999989,2500.0
2021-10-05,VAR,2984.429399999989,2500.0
2021-10-06,VAR,2984.429399999989,2500.0
2021-10-07,VAR,2984.429399999989,2500.0
2021-10-08,VAR,2984.429399999989,2500.0
2021-10-11,VAR,2984.429399999989,2500.0
2021-10-12,VAR,2984.429399999989,2500.0
2021-10-13,VAR,2984.429399999989,2500.0
2021-10-14,VAR,2984.429399999989,2500.0
2021-10-15,VAR,2984.429399999989,2500.0
2021-10-18,VAR,2984.429399999989,2500.0
2021-10-19,VAR,2984.429399999989,2500.0
2021-10-20,VAR,2984.429399999989,2500.0
2021-10-21,VAR,2984.429399999989,2500.0
2021-10-22,VAR,2984.429399999989,2500.0
2021-10-25,VAR,2984.429399999989,2500.0
2021-10-26,VAR,2897.9827499999983,2500.0
2021-10-27,VAR,2897.9827499999983,2500.0
2021-10-28,VAR,2897.9827499999983,2500.0
2021-10-29,VAR,2897.9827499999983,2500.0
2021-11-01,VAR,2897.9827499999983,2500.0
2021-11-02,VAR,2897.9827499999983,2500.0
2021-11-03,VAR,2897.9827499999983,2500.0
2021-11-04,VAR,2897.9827499999983,2500.0
2021-11-05,VAR,2897.9827499999983,2500.0
2021-11-08,VAR,2897.9827499999983,2500.0
2021-11-09,VAR,2897.9827499999983,2500.0
2021-11-10,VAR,2897.9827499999983,2500.0
2021-11-11,VAR,2897.9827499999983,2500.0
2021-11-12,VAR,2897.9827499999983,2500.0
2021-11-15,VAR,2897.9827499999983,2500.0
2021-11-16,VAR,2897.9827499999983,2500.0
2021-11-17,VAR,2897.9827499999983,2500.0
2021-11-18,VAR,2897.9827499999983,2500.0
2021-11-19,VAR,2897.9827499999983,2500.0
2021-11-22,VAR,2897.9827499999983,2500.0
2021-11-23,VAR,2897.9827499999983,2500.0
2021-11-24,VAR,2897.9827499999983,2500.0
2021-11-26,VAR,2984.429399999989,2500.0
2021-11-29,VAR,2984.429399999989,2500.0
2021-11-30,VAR,3005.8987500000044,2500.0
2021-12-01,VAR,3005.8987500000044,2500.0
2021-12-02,VAR,3005.8987500000044,2500.0
2021-12-03,VAR,3005.8987500000044,2500.0
2021-12-06,VAR,3005.8987500000044,2500.0
2021-12-07,VAR,3005.8987500000044,2500.0
2021-12-08,VAR,3005.8987500000044,2500.0
2021-12-09,VAR,3005.8987500000044,2500.0
2021-12-10,VAR,3005.8987500000044,2500.0
2021-12-13,VAR,3005.8987500000044,2500.0
2021-12-14,VAR,3005.8987500000044,2500.0
2021-12-15,VAR,3005.8987500000044,2500.0
2021-12-16,VAR,3005.8987500000044,2500.0
2021-12-17,VAR,3005.8987500000044,2500.0
2021-12-20,VAR,3005.8987500000044,2500.0
2021-12-21,VAR,3005.8987500000044,2500.0
2021-12-22,VAR,3005.8987500000044,2500.0
2021-12-23,VAR,3005.8987500000044,2500.0
2021-12-27,VAR,3005.8987500000044,2500.0
2021-12-28,VAR,3005.8987500000044,2500.0
2021-12-29,VAR,3005.8987500000044,2500.0
2021-12-30,VAR,3005.8987500000044,2500.0
2021-12-31,VAR,3005.8987500000044,2500.0
2022-01-03,VAR,3005.8987500000044,2500.0
2022-01-04,VAR,3005.8987500000044,2500.0
2022-01-05,VAR,3031.0871999999895,2500.0
2022-01-06,VAR,3031.0871999999895,2500.0
2022-01-07,VAR,3031.0871999999895,2500.0
2022-01-10,VAR,3031.0871999999895,2500.0
2022-01-11,VAR,3031.0871999999895,2500.0
2022-01-12,VAR,3031.0871999999895,2500.0
2022-01-13,VAR,3031.0871999999895,2500.0
2022-01-14,VAR,3031.0871999999895,2500.0
2022-01-18,VAR,3031.0871999999895,2500.0
2022-01-19,VAR,3031.0871999999895,2500.0
2022-01-20,VAR,3031.0871999999895,2500.0
2022-01-21,VAR,3031.0871999999895,2500.0
2022-01-24,VAR,2992.5265500000114,2500.0
2022-01-25,VAR,2992.5265500000114,2500.0
2022-01-26,VAR,2992.5265500000114,2500.0
2022-01-27,VAR,2992.5265500000114,2500.0
2022-01-28,VAR,2992.5265500000114,2500.0
2022-01-31,VAR,2992.5265500000114,2500.0
2022-02-01,VAR,2992.5265500000114,2500.0
2022-02-02,VAR,2992.5265500000114,2500.0
2022-02-03,VAR,3043.4036999999867,2500.0
2022-02-04,VAR,3043.4036999999867,2500.0
2022-02-07,VAR,3043.4036999999867,2500.0
2022-02-08,VAR,3043.4036999999867,2500.0
2022-02-09,VAR,3043.4036999999867,2500.0
2022-02-10,VAR,3043.4036999999867,2500.0
2022-02-11,VAR,3043.4036999999867,2500.0
2022-02-14,VAR,3043.4036999999867,2500.0
2022-02-15,VAR,3043.4036999999867,2500.0
2022-02-16,VAR,3043.4036999999867,2500.0
2022-02-17,VAR,3043.4036999999867,2500.0
2022-02-18,VAR,3043.4036999999867,2500.0
2022-02-22,VAR,2992.5265500000114,2500.0
2022-02-23,VAR,2992.5265500000114,2500.0
2022-02-24,VAR,2992.5265500000114,2500.0
2022-02-25,VAR,2992.5265500000114,2500.0
2022-02-28,VAR,2992.5265500000114,2500.0
2022-03-01,VAR,2992.5265500000114,2500.0
2022-03-02,VAR,2992.5265500000114,2500.0
2022-03-03,VAR,2992.5265500000114,2500.0
2022-03-04,VAR,2992.5265500000114,2500.0
2022-03-07,VAR,2992.5265500000114,2500.0
2022-03-08,VAR,2992.5265500000114,2500.0
2022-03-09,VAR,2992.5265500000114,2500.0
2022-03-10,VAR,2992.5265500000114,2500.0
2022-03-11,VAR,2992.5265500000114,2500.0
2022-03-14,VAR,2992.5265500000114,2500.0
2022-03-15,VAR,2992.5265500000114,2500.0
2022-03-16,VAR,2992.5265500000114,2500.0
2022-03-17,VAR,2992.5265500000114,2500.0
2022-03-18,VAR,2992.5265500000114,2500.0
2022-03-21,VAR,2992.5265500000114,2500.0
2022-03-22,VAR,2992.5265500000114,2500.0
2022-03-23,VAR,2992.5265500000114,2500.0
2022-03-24,VAR,2992.5265500000114,2500.0
2022-03-25,VAR,2992.5265500000114,2500.0
2022-03-28,VAR,2992.5265500000114,2500.0
2022-03-29,VAR,2992.5265500000114,2500.0
2022-03-30,VAR,2992.5265500000114,2500.0
2022-03-31,VAR,2992.5265500000114,2500.0
2022-04-01,VAR,2992.5265500000114,2500.0
2022-04-04,VAR,2992.5265500000114,2500.0
2022-04-05,VAR,2992.5265500000114,2500.0
2022-04-06,VAR,2992.5265500000114,2500.0
2022-04-07,VAR,2992.5265500000114,2500.0
2022-04-08,VAR,2992.5265500000114,2500.0
2022-04-11,VAR,2992.5265500000114,2500.0
2022-04-12,VAR,2992.5265500000114,2500.0
2022-04-13,VAR,2992.5265500000114,2500.0
2022-04-14,VAR,2992.5265500000114,2500.0
2022-04-18,VAR,2992.5265500000114,2500.0
2022-04-19,VAR,2992.5265500000114,2500.0
2022-04-20,VAR,2992.5265500000114,2500.0
2022-04-21,VAR,2992.5265500000114,2500.0
2022-04-22,VAR,2992.5265500000114,2500.0
2022-04-25,VAR,2992.5265500000114,2500.0
2022-04-26,VAR,2992.5265500000114,2500.0
2022-04-27,VAR,2992.5265500000114,2500.0
2022-04-28,VAR,2992.5265500000114,2500.0
2022-04-29,VAR,2992.5265500000114,2500.0
2022-05-02,VAR,2992.5265500000114,2500.0
2022-05-03,VAR,2992.5265500000114,2500.0
2022-05-04,VAR,2992.5265500000114,2500.0
2022-05-05,VAR,2992.5265500000114,2500.0
2022-05-06,VAR,2992.5265500000114,2500.0
2022-05-09,VAR,2992.5265500000114,2500.0
2022-05-10,VAR,2992.5265500000114,2500.0
2022-05-11,VAR,2992.5265500000114,2500.0
2022-05-12,VAR,2992.5265500000114,2500.0
2022-05-13,VAR,2992.5265500000114,2500.0
2022-05-16,VAR,2992.5265500000114,2500.0
2022-05-17,VAR,2992.5265500000114,2500.0
2022-05-18,VAR,2992.5265500000114,2500.0
2022-05-19,VAR,2992.5265500000114,2500.0
2022-05-20,VAR,2992.5265500000114,2500.0
2022-05-23,VAR,2992.5265500000114,2500.0
2022-05-24,VAR,2992.5265500000114,2500.0
2022-05-25,VAR,2992.5265500000114,2500.0
2022-05-26,VAR,2992.5265500000114,2500.0
2022-05-27,VAR,2992.5265500000114,2500.0
2022-05-31,VAR,2992.5265500000114,2500.0
2022-06-01,VAR,2992.5265500000114,2500.0
2022-06-02,VAR,2992.5265500000114,2500.0
2022-06-03,VAR,2992.5265500000114,2500.0
2022-06-06,VAR,2992.5265500000114,2500.0
2022-06-07,VAR,2992.5265500000114,2500.0
2022-06-08,VAR,2992.5265500000114,2500.0
2022-06-09,VAR,2992.5265500000114,2500.0
2022-06-10,VAR,2992.5265500000114,2500.0
2022-06-13,VAR,2992.5265500000114,2500.0
2022-06-14,VAR,2992.5265500000114,2500.0
2022-06-15,VAR,2992.5265500000114,2500.0
2022-06-16,VAR,2992.5265500000114,2500.0
2022-06-17,VAR,2992.5265500000114,2500.0
2022-06-21,VAR,2992.5265500000114,2500.0
2022-06-22,VAR,2992.5265500000114,2500.0
2022-06-23,VAR,2992.5265500000114,2500.0
2022-06-24,VAR,2992.5265500000114,2500.0
2022-06-27,VAR,2992.5265500000114,2500.0
2022-06-28,VAR,2992.5265500000114,2500.0
2022-06-29,VAR,2992.5265500000114,2500.0
2022-06-30,VAR,2992.5265500000114,2500.0
2022-07-01,VAR,2992.5265500000114,2500.0
2022-07-05,VAR,2992.5265500000114,2500.0
2022-07-06,VAR,2992.5265500000114,2500.0
2022-07-07,VAR,2992.5265500000114,2500.0
2022-07-08,VAR,2992.5265500000114,2500.0
2022-07-11,VAR,2992.5265500000114,2500.0
2022-07-12,VAR,2992.5265500000114,2500.0
2022-07-13,VAR,2992.5265500000114,2500.0
2022-07-14,VAR,2992.5265500000114,2500.0
2022-07-15,VAR,2992.5265500000114,2500.0
2022-07-18,VAR,2992.5265500000114,2500.0
2022-07-19,VAR,2992.5265500000114,2500.0
2022-07-20,VAR,2992.5265500000114,2500.0
2022-07-21,VAR,2992.5265500000114,2500.0
2022-07-22,VAR,2992.5265500000114,2500.0
2022-07-25,VAR,2992.5265500000114,2500.0
2022-07-26,VAR,2992.5265500000114,2500.0
2022-07-27,VAR,2992.5265500000114,2500.0
2022-07-28,VAR,2992.5265500000114,2500.0
2022-07-29,VAR,2992.5265500000114,2500.0
2022-08-01,VAR,2992.5265500000114,2500.0
2022-08-02,VAR,2992.5265500000114,2500.0
2022-08-03,VAR,2992.5265500000114,2500.0
2022-08-04,VAR,2992.5265500000114,2500.0
2022-08-05,VAR,2992.5265500000114,2500.0
2022-08-08,VAR,2992.5265500000114,2500.0
2022-08-09,VAR,2992.5265500000114,2500.0
2022-08-10,VAR,2992.5265500000114,2500.0
2022-08-11,VAR,2992.5265500000114,2500.0
2022-08-12,VAR,2992.5265500000114,2500.0
2022-08-15,VAR,2992.5265500000114,2500.0
2022-08-16,VAR,2992.5265500000114,2500.0
2022-08-17,VAR,2992.5265500000114,2500.0
2022-08-18,VAR,2992.5265500000114,2500.0
2022-08-19,VAR,2992.5265500000114,2500.0
2022-08-22,VAR,2992.5265500000114,2500.0
2022-08-23,VAR,2992.5265500000114,2500.0
2022-08-24,VAR,2992.5265500000114,2500.0
2022-08-25,VAR,2992.5265500000114,2500.0
2022-08-26,VAR,3045.0895993499935,2500.0
2022-08-29,VAR,3045.0895993499935,2500.0
2022-08-30,VAR,3045.0895993499935,2500.0
2022-08-31,VAR,3045.0895993499935,2500.0
2022-09-01,VAR,3045.0895993499935,2500.0
2022-09-02,VAR,3045.0895993499935,2500.0
2022-09-06,VAR,3045.0895993499935,2500.0
2022-09-07,VAR,3045.0895993499935,2500.0
2022-09-08,VAR,3045.0895993499935,2500.0
2022-09-09,VAR,3045.0895993499935,2500.0
2022-09-12,VAR,3045.0895993499935,2500.0
2022-09-13,VAR,3128.0443664999875,2500.0
2022-09-14,VAR,3128.0443664999875,2500.0
2022-09-15,VAR,3128.0443664999875,2500.0
2022-09-16,VAR,3128.0443664999875,2500.0
2022-09-19,VAR,3128.0443664999875,2500.0
2022-09-20,VAR,3128.0443664999875,2500.0
2022-09-21,VAR,3128.0443664999875,2500.0
2022-09-22,VAR,3128.0443664999875,2500.0
2022-09-23,VAR,3128.0443664999875,2500.0
2022-09-26,VAR,3128.0443664999875,2500.0
2022-09-27,VAR,3128.0443664999875,2500.0
2022-09-28,VAR,3128.0443664999875,2500.0
2022-09-29,VAR,3128.0443664999875,2500.0
2022-09-30,VAR,3128.0443664999875,2500.0
2022-10-03,VAR,3128.0443664999875,2500.0
2022-10-04,VAR,3128.0443664999875,2500.0
2022-10-05,VAR,3128.0443664999875,2500.0
2022-10-06,VAR,3128.0443664999875,2500.0
2022-10-07,VAR,3128.0443664999875,2500.0
2022-10-10,VAR,3128.0443664999875,2500.0
2022-10-11,VAR,3128.0443664999875,2500.0
2022-10-12,VAR,3128.0443664999875,2500.0
2022-10-13,VAR,3128.0443664999875,2500.0
2022-10-14,VAR,3128.0443664999875,2500.0
2022-10-17,VAR,3128.0443664999875,2500.0
2022-10-18,VAR,3128.0443664999875,2500.0
2022-10-19,VAR,3128.0443664999875,2500.0
2022-10-20,VAR,3128.0443664999875,2500.0
2022-10-21,VAR,3128.0443664999875,2500.0
2022-10-24,VAR,3128.0443664999875,2500.0
2022-10-25,VAR,3128.0443664999875,2500.0
2022-10-26,VAR,3128.0443664999875,2500.0
2022-10-27,VAR,3128.0443664999875,2500.0
2022-10-28,VAR,3128.0443664999875,2500.0
2022-10-31,VAR,3128.0443664999875,2500.0
2022-11-01,VAR,3128.0443664999875,2500.0
2022-11-02,VAR,3128.0443664999875,2500.0
2022-11-03,VAR,3128.0443664999875,2500.0
2022-11-04,VAR,3128.0443664999875,2500.0
2022-11-07,VAR,3128.0443664999875,2500.0
2022-11-08,VAR,3128.0443664999875,2500.0
2022-11-09,VAR,3128.0443664999875,2500.0
2022-11-10,VAR,3128.0443664999875,2500.0
2022-11-11,VAR,3128.0443664999875,2500.0
2022-11-14,VAR,3128.0443664999875,2500.0
2022-11-15,VAR,3128.0443664999875,2500.0
2022-11-16,VAR,3128.0443664999875,2500.0
2022-11-17,VAR,3128.0443664999875,2500.0
2022-11-18,VAR,3128.0443664999875,2500.0
2022-11-21,VAR,3128.0443664999875,2500.0
2022-11-22,VAR,3128.0443664999875,2500.0
2022-11-23,VAR,3045.0895993499935,2500.0
2022-11-25,VAR,3045.0895993499935,2500.0
2022-11-28,VAR,3045.0895993499935,2500.0
2022-11-29,VAR,3045.0895993499935,2500.0
2022-11-30,VAR,3045.0895993499935,2500.0
2022-12-01,VAR,3045.0895993499935,2500.0
2022-12-02,VAR,3045.0895993499935,2500.0
2022-12-05,VAR,3045.0895993499935,2500.0
2022-12-06,VAR,3045.0895993499935,2500.0
2022-12-07,VAR,3045.0895993499935,2500.0
2022-12-08,VAR,3045.0895993499935,2500.0
2022-12-09,VAR,3045.0895993499935,2500.0
2022-12-12,VAR,3045.0895993499935,2500.0
2022-12-13,VAR,3045.0895993499935,2500.0
2022-12-14,VAR,3045.0895993499935,2500.0
2022-12-15,VAR,3045.0895993499935,2500.0
2022-12-16,VAR,3045.0895993499935,2500.0
2022-12-19,VAR,3045.0895993499935,2500.0
2022-12-20,VAR,3045.0895993499935,2500.0
2022-12-21,VAR,3045.0895993499935,2500.0
2022-12-22,VAR,3045.0895993499935,2500.0
2022-12-23,VAR,3045.0895993499935,2500.0
2022-12-27,VAR,3045.0895993499935,2500.0
2022-12-28,DRAWDOWN,0.20255858725164722,0.2
2022-12-28,VAR,3045.0895993499935,2500.0
2022-12-29,VAR,3045.0895993499935,2500.0
2022-12-30,VAR,3045.0895993499935,2500.0
2023-01-03,VAR,3045.0895993499935,2500.0
2023-01-04,VAR,3009.276925249993,2500.0
2023-01-05,VAR,3009.276925249993,2500.0
2023-01-06,VAR,3009.276925249993,2500.0
2023-01-09,VAR,3009.276925249993,2500.0
2023-01-10,VAR,3009.276925249993,2500.0
2023-01-11,VAR,3009.276925249993,2500.0
2023-01-12,VAR,3009.276925249993,2500.0
2023-01-13,VAR,3009.276925249993,2500.0
2023-01-17,VAR,3009.276925249993,2500.0
2023-01-18,VAR,3009.276925249993,2500.0
2023-01-19,VAR,3009.276925249993,2500.0
2023-01-20,VAR,3009.276925249993,2500.0
2023-01-23,VAR,3009.276925249993,2500.0
2023-01-24,VAR,3009.276925249993,2500.0
2023-01-25,VAR,3009.276925249993,2500.0
2023-01-26,VAR,3009.276925249993,2500.0
2023-01-27,VAR,3009.276925249993,2500.0
2023-01-30,VAR,3009.276925249993,2500.0
2023-01-31,VAR,3009.276925249993,2500.0
2023-02-01,VAR,3009.276925249993,2500.0
2023-02-02,VAR,2572.1962878499953,2500.0
2023-02-03,VAR,2572.1962878499953,2500.0
2023-02-06,VAR,2572.1962878499953,2500.0
2023-02-07,VAR,2572.1962878499953,2500.0
2023-02-08,VAR,2572.1962878499953,2500.0
2023-02-09,VAR,2572.1962878499953,2500.0
2023-02-10,VAR,2572.1962878499953,2500.0
2023-02-13,VAR,2572.1962878499953,2500.0
2023-02-14,VAR,2572.1962878499953,2500.0
2023-02-15,VAR,2572.1962878499953,2500.0
2023-02-16,VAR,2572.1962878499953,2500.0
2023-02-17,VAR,2572.1962878499953,2500.0
2023-02-21,VAR,2825.113034099998,2500.0
2023-02-22,VAR,2825.113034099998,2500.0
2023-02-23,VAR,2825.113034099998,2500.0
2023-02-24,VAR,2825.113034099998,2500.0
2023-02-27,VAR,2825.113034099998,2500.0
2023-02-28,VAR,2825.113034099998,2500.0
2023-03-01,VAR,2825.113034099998,2500.0
2023-03-02,VAR,2825.113034099998,2500.0
2023-03-03,VAR,2825.113034099998,2500.0
2023-03-06,VAR,2825.113034099998,2500.0
2023-03-07,VAR,2825.113034099998,2500.0
2023-03-08,VAR,2825.113034099998,2500.0
2023-03-09,VAR,2825.113034099998,2500.0
2023-03-10,VAR,2825.113034099998,2500.0
2023-03-13,VAR,2825.113034099998,2500.0
2023-03-14,VAR,2825.113034099998,2500.0
2023-03-15,VAR,2825.113034099998,2500.0
2023-03-16,VAR,2825.113034099998,2500.0
2023-03-17,VAR,2825.113034099998,2500.0
2023-03-20,VAR,2825.113034099998,2500.0
2023-03-21,VAR,2825.113034099998,2500.0
2023-03-22,VAR,2825.113034099998,2500.0
2023-03-23,VAR,2825.113034099998,2500.0
2023-03-24,VAR,2825.113034099998,2500.0
2023-03-27,VAR,2825.113034099998,2500.0
2023-03-28,VAR,2825.113034099998,2500.0
2023-03-29,VAR,2825.113034099998,2500.0
2023-03-30,VAR,2825.113034099998,2500.0
2023-03-31,VAR,2825.113034099998,2500.0
2023-04-03,VAR,2825.113034099998,2500.0
2023-04-04,VAR,2825.113034099998,2500.0
2023-04-05,VAR,2825.113034099998,2500.0
2023-04-06,VAR,2825.113034099998,2500.0
2023-04-10,VAR,2825.113034099998,2500.0
2023-04-11,VAR,2825.113034099998,2500.0
2023-04-12,VAR,2825.113034099998,2500.0
2023-04-13,VAR,2825.113034099998,2500.0
2023-04-14,VAR,2825.113034099998,2500.0
2023-04-17,VAR,2825.113034099998,2500.0
2023-04-18,VAR,2825.113034099998,2500.0
2023-04-19,VAR,2825.113034099998,2500.0
2023-04-20,VAR,2825.113034099998,2500.0
2023-04-21,VAR,2825.113034099998,2500.0
2023-04-24,VAR,2825.113034099998,2500.0
2023-04-25,VAR,2825.113034099998,2500.0
2023-04-26,VAR,2825.113034099998,2500.0
2023-04-27,VAR,2825.113034099998,2500.0
2023-04-28,VAR,2825.113034099998,2500.0
2023-05-01,VAR,2825.113034099998,2500.0
2023-05-02,VAR,2825.113034099998,2500.0
2023-05-03,VAR,2825.113034099998,2500.0
2023-05-04,VAR,2825.113034099998,2500.0
2023-05-05,VAR,2825.113034099998,2500.0
2023-05-08,VAR,2825.113034099998,2500.0
2023-05-09,VAR,2825.113034099998,2500.0
2023-05-10,VAR,2825.113034099998,2500.0
2023-05-11,VAR,2825.113034099998,2500.0
2023-05-12,VAR,2825.113034099998,2500.0
2023-05-15,VAR,2825.113034099998,2500.0
2023-05-16,VAR,2825.113034099998,2500.0
2023-05-17,VAR,2825.113034099998,2500.0
2023-05-18,VAR,2825.113034099998,2500.0
2023-05-19,VAR,2825.113034099998,2500.0
2023-05-22,VAR,2825.113034099998,2500.0
2023-05-23,VAR,2825.113034099998,2500.0
2023-05-24,VAR,2825.113034099998,2500.0
2023-05-25,VAR,2825.113034099998,2500.0
2023-05-26,VAR,2825.113034099998,2500.0
2023-05-30,VAR,2825.113034099998,2500.0
2023-05-31,VAR,2825.113034099998,2500.0
2023-06-01,VAR,2825.113034099998,2500.0
2023-06-02,VAR,2825.113034099998,2500.0
2023-06-05,VAR,2825.113034099998,2500.0
2023-06-06,VAR,2825.113034099998,2500.0
2023-06-07,VAR,2825.113034099998,2500.0
2023-06-08,VAR,2825.113034099998,2500.0
2023-06-09,VAR,2825.113034099998,2500.0
2023-06-12,VAR,2825.113034099998,2500.0
2023-06-13,VAR,2825.113034099998,2500.0
2023-06-14,VAR,2825.113034099998,2500.0
2023-06-15,VAR,2825.113034099998,2500.0
2023-06-16,VAR,2825.113034099998,2500.0
2023-06-20,VAR,2825.113034099998,2500.0
2023-06-21,VAR,2825.113034099998,2500.0
2023-06-22,VAR,2825.113034099998,2500.0
2023-06-23,VAR,2825.113034099998,2500.0
2023-06-26,VAR,2825.113034099998,2500.0
2023-06-27,VAR,2825.113034099998,2500.0
2023-06-28,VAR,2825.113034099998,2500.0
2023-06-29,VAR,2825.113034099998,2500.0
2023-06-30,VAR,2825.113034099998,2500.0
2023-07-03,VAR,2825.113034099998,2500.0
2023-07-05,VAR,2825.113034099998,2500.0
2023-07-06,VAR,2825.113034099998,2500.0
2023-07-07,VAR,2825.113034099998,2500.0
2023-07-10,VAR,2825.113034099998,2500.0
2023-07-11,VAR,2825.113034099998,2500.0
2023-07-12,VAR,2825.113034099998,2500.0
2023-07-13,VAR,2825.113034099998,2500.0
2023-07-14,VAR,2825.113034099998,2500.0
2023-07-17,VAR,2825.113034099998,2500.0
2023-07-18,VAR,2825.113034099998,2500.0
2023-07-19,VAR,2825.113034099998,2500.0
2023-07-20,VAR,2825.113034099998,2500.0
2023-07-21,VAR,2825.113034099998,2500.0
2023-07-24,VAR,2825.113034099998,2500.0
2023-07-25,VAR,2825.113034099998,2500.0
2023-07-26,VAR,2825.113034099998,2500.0
2023-07-27,VAR,2825.113034099998,2500.0
2023-07-28,VAR,2825.113034099998,2500.0
2023-07-31,VAR,2825.113034099998,2500.0
2023-08-01,VAR,2825.113034099998,2500.0
2023-08-02,VAR,2825.113034099998,2500.0
2023-08-03,VAR,2825.113034099998,2500.0
2023-08-04,VAR,2825.113034099998,2500.0
2023-08-07,VAR,2825.113034099998,2500.0
2023-08-08,VAR,2825.113034099998,2500.0
2023-08-09,VAR,2825.113034099998,2500.0
2023-08-10,VAR,2825.113034099998,2500.0
2023-08-11,VAR,2825.113034099998,2500.0
2023-08-14,VAR,2825.113034099998,2500.0
2023-08-15,VAR,2825.113034099998,2500.0
2023-08-16,VAR,2825.113034099998,2500.0
2023-08-17,VAR,2825.113034099998,2500.0
2023-08-18,VAR,2825.113034099998,2500.0
2023-08-21,VAR,2825.113034099998,2500.0
2023-08-22,VAR,2825.113034099998,2500.0
2023-08-23,VAR,2825.113034099998,2500.0
2023-08-24,VAR,2825.113034099998,2500.0
2023-08-25,VAR,2569.888529999988,2500.0
2023-08-28,VAR,2569.888529999988,2500.0
2023-08-29,VAR,2569.888529999988,2500.0
2023-08-30,VAR,2569.888529999988,2500.0
2023-08-31,VAR,2569.888529999988,2500.0
2023-09-01,VAR,2569.888529999988,2500.0
2023-09-05,VAR,2569.888529999988,2500.0
2023-09-06,VAR,2569.888529999988,2500.0
2023-09-07,VAR,2569.888529999988,2500.0
2023-09-08,VAR,2569.888529999988,2500.0
2023-09-11,VAR,2569.888529999988,2500.0
2024-07-24,VAR,2524.9571099999916,2500.0
2024-07-25,VAR,2524.9571099999916,2500.0
2024-07-26,VAR,2524.9571099999916,2500.0
2024-07-29,VAR,2524.9571099999916,2500.0
2024-07-30,VAR,2524.9571099999916,2500.0
2024-07-31,VAR,2524.9571099999916,2500.0
2024-08-01,VAR,2524.9571099999916,2500.0
2024-08-02,VAR,2546.6310299999896,2500.0
2024-08-05,VAR,2894.7362700000085,2500.0
2024-08-06,VAR,2894.7362700000085,2500.0
2024-08-07,VAR,2894.7362700000085,2500.0
2024-08-08,VAR,2894.7362700000085,2500.0
2024-08-09,VAR,2894.7362700000085,2500.0
2024-08-12,VAR,2894.7362700000085,2500.0
2024-08-13,VAR,2894.7362700000085,2500.0
2024-08-14,VAR,2894.7362700000085,2500.0
2024-08-15,VAR,2894.7362700000085,2500.0
2024-08-16,VAR,2894.7362700000085,2500.0
2024-08-19,VAR,2894.7362700000085,2500.0
2024-08-20,VAR,2894.7362700000085,2500.0
2024-08-21,VAR,2894.7362700000085,2500.0
2024-08-22,VAR,2894.7362700000085,2500.0
2024-08-23,VAR,2894.7362700000085,2500.0
2024-08-26,VAR,2894.7362700000085,2500.0
2024-08-27,VAR,2894.7362700000085,2500.0
2024-08-28,VAR,2894.7362700000085,2500.0
2024-08-29,VAR,2894.7362700000085,2500.0
2024-08-30,VAR,2894.7362700000085,2500.0
2024-09-03,VAR,3456.771960000028,2500.0
2024-09-04,VAR,3456.771960000028,2500.0
2024-09-05,VAR,3456.771960000028,2500.0
2024-09-06,VAR,3456.771960000028,2500.0
2024-09-09,VAR,3456.771960000028,2500.0
2024-09-10,VAR,3456.771960000028,2500.0
2024-09-11,VAR,3456.771960000028,2500.0
2024-09-12,VAR,3456.771960000028,2500.0
2024-09-13,VAR,3456.771960000028,2500.0
2024-09-16,VAR,3456.771960000028,2500.0
2024-09-17,VAR,3456.771960000028,2500.0
2024-09-18,VAR,3456.771960000028,2500.0
2024-09-19,VAR,3456.771960000028,2500.0
2024-09-20,VAR,3456.771960000028,2500.0
2024-09-23,VAR,3456.771960000028,2500.0
2024-09-24,VAR,3456.771960000028,2500.0
2024-09-25,VAR,3456.771960000028,2500.0
2024-09-26,VAR,3456.771960000028,2500.0
2024-09-27,VAR,3456.771960000028,2500.0
2024-09-30,VAR,3456.771960000028,2500.0
2024-10-01,VAR,3456.771960000028,2500.0
2024-10-02,VAR,3456.771960000028,2500.0
2024-10-03,VAR,3456.771960000028,2500.0
2024-10-04,VAR,3456.771960000028,2500.0
2024-10-07,VAR,3456.771960000028,2500.0
2024-10-08,VAR,3456.771960000028,2500.0
2024-10-09,VAR,3456.771960000028,2500.0
2024-10-10,VAR,3456.771960000028,2500.0
2024-10-11,VAR,3456.771960000028,2500.0
2024-10-14,VAR,3456.771960000028,2500.0
2024-10-15,VAR,3456.771960000028,2500.0
2024-10-16,VAR,3456.771960000028,2500.0
2024-10-17,VAR,3456.771960000028,2500.0
2024-10-18,VAR,3456.771960000028,2500.0
2024-10-21,VAR,3456.771960000028,2500.0
2024-10-22,VAR,3456.771960000028,2500.0
2024-10-23,VAR,3456.771960000028,2500.0
2024-10-24,VAR,3456.771960000028,2500.0
2024-10-25,VAR,3456.771960000028,2500.0
2024-10-28,VAR,3456.771960000028,2500.0
2024-10-29,VAR,3456.771960000028,2500.0
2024-10-30,VAR,3456.771960000028,2500.0
2024-10-31,VAR,3658.417740000013,2500.0
2024-11-01,VAR,3658.417740000013,2500.0
2024-11-04,VAR,3658.417740000013,2500.0
2024-11-05,VAR,3658.417740000013,2500.0
2024-11-06,VAR,3658.417740000013,2500.0
2024-11-07,VAR,3658.417740000013,2500.0
2024-11-08,VAR,3658.417740000013,2500.0
2024-11-11,VAR,3658.417740000013,2500.0
2024-11-12,VAR,3658.417740000013,2500.0
2024-11-13,VAR,3658.417740000013,2500.0
2024-11-14,VAR,3658.417740000013,2500.0
2024-11-15,VAR,3658.417740000013,2500.0
2024-11-18,VAR,3658.417740000013,2500.0
2024-11-19,VAR,3658.417740000013,2500.0
2024-11-20,VAR,3658.417740000013,2500.0
2024-11-21,VAR,3658.417740000013,2500.0
2024-11-22,VAR,3658.417740000013,2500.0
2024-11-25,VAR,3658.417740000013,2500.0
2024-11-26,VAR,3658.417740000013,2500.0
2024-11-27,VAR,3658.417740000013,2500.0
2024-11-29,VAR,3658.417740000013,2500.0
2024-12-02,VAR,3658.417740000013,2500.0
2024-12-03,VAR,3658.417740000013,2500.0
2024-12-04,VAR,3658.417740000013,2500.0
2024-12-05,VAR,3658.417740000013,2500.0
2024-12-06,VAR,3658.417740000013,2500.0
2024-12-09,VAR,3658.417740000013,2500.0
2024-12-10,VAR,3658.417740000013,2500.0
2024-12-11,VAR,3658.417740000013,2500.0
2024-12-12,VAR,3658.417740000013,2500.0
2024-12-13,VAR,3658.417740000013,2500.0
2024-12-16,VAR,3658.417740000013,2500.0
2024-12-17,VAR,3658.417740000013,2500.0
2024-12-18,VAR,3842.983110000008,2500.0
2024-12-19,VAR,3842.983110000008,2500.0
2024-12-20,VAR,3842.983110000008,2500.0
2024-12-23,VAR,3842.983110000008,2500.0
2024-12-24,VAR,3842.983110000008,2500.0
2024-12-26,VAR,3842.983110000008,2500.0
2024-12-27,VAR,3842.983110000008,2500.0
2024-12-30,VAR,3842.983110000008,2500.0
2024-12-31,VAR,3842.983110000008,2500.0
2025-01-02,VAR,3842.983110000008,2500.0
2025-01-03,VAR,3842.983110000008,2500.0
2025-01-06,VAR,3842.983110000008,2500.0
2025-01-07,VAR,3842.983110000008,2500.0
2025-01-08,VAR,3842.983110000008,2500.0
2025-01-10,VAR,3842.983110000008,2500.0
2025-01-13,VAR,3842.983110000008,2500.0
2025-01-14,VAR,3842.983110000008,2500.0
2025-01-15,VAR,3842.983110000008,2500.0
2025-01-16,VAR,3842.983110000008,2500.0
2025-01-17,VAR,3842.983110000008,2500.0
2025-01-21,VAR,3842.983110000008,2500.0
2025-01-22,VAR,3842.983110000008,2500.0
2025-01-23,VAR,3842.983110000008,2500.0
2025-01-24,VAR,3842.983110000008,2500.0
2025-01-27,VAR,3842.983110000008,2500.0
2025-01-28,VAR,3842.983110000008,2500.0
2025-01-29,VAR,3842.983110000008,2500.0
2025-01-30,VAR,3842.983110000008,2500.0
2025-01-31,VAR,3842.983110000008,2500.0
2025-02-03,VAR,3842.983110000008,2500.0
2025-02-04,VAR,3842.983110000008,2500.0
2025-02-05,VAR,3842.983110000008,2500.0
2025-02-06,VAR,3842.983110000008,2500.0
2025-02-07,VAR,3842.983110000008,2500.0
2025-02-10,VAR,3842.983110000008,2500.0
2025-02-11,VAR,3842.983110000008,2500.0
2025-02-12,VAR,3842.983110000008,2500.0
2025-02-13,VAR,3842.983110000008,2500.0
2025-02-14,VAR,3842.983110000008,2500.0
2025-02-18,VAR,3842.983110000008,2500.0
2025-02-19,VAR,3842.983110000008,2500.0
2025-02-20,VAR,3842.983110000008,2500.0
2025-02-21,VAR,3842.983110000008,2500.0
2025-02-24,VAR,3842.983110000008,2500.0
2025-02-25,VAR,3842.983110000008,2500.0
2025-02-26,VAR,3842.983110000008,2500.0
2025-02-27,VAR,3842.983110000008,2500.0
2025-02-28,VAR,3842.983110000008,2500.0
2025-03-03,VAR,3842.983110000008,2500.0
2025-03-04,VAR,3842.983110000008,2500.0
2025-03-05,VAR,3842.983110000008,2500.0
2025-03-06,VAR,3842.983110000008,2500.0
2025-03-07,VAR,3842.983110000008,2500.0
2025-03-10,VAR,4459.367309999998,2500.0
2025-03-11,VAR,4459.367309999998,2500.0
2025-03-12,VAR,4459.367309999998,2500.0
2025-03-13,VAR,4459.367309999998,2500.0
2025-03-14,VAR,4459.367309999998,2500.0
2025-03-17,VAR,4459.367309999998,2500.0
2025-03-18,VAR,4459.367309999998,2500.0
2025-03-19,VAR,4459.367309999998,2500.0
2025-03-20,VAR,4459.367309999998,2500.0
2025-03-21,VAR,4459.367309999998,2500.0
2025-03-24,VAR,4459.367309999998,2500.0
2025-03-25,VAR,4459.367309999998,2500.0
2025-03-26,VAR,4459.367309999998,2500.0
2025-03-27,VAR,4459.367309999998,2500.0
2025-03-28,VAR,4459.367309999998,2500.0
2025-03-31,VAR,4459.367309999998,2500.0
2025-04-01,VAR,4459.367309999998,2500.0
2025-04-02,VAR,4459.367309999998,2500.0
2025-04-03,VAR,4459.367309999998,2500.0
2025-04-04,VAR,4459.367309999998,2500.0
2025-04-07,VAR,4459.367309999998,2500.0
2025-04-08,VAR,4459.367309999998,2500.0
2025-04-09,VAR,4459.367309999998,2500.0
2025-04-10,VAR,4459.367309999998,2500.0
2025-04-11,VAR,4459.367309999998,2500.0
2025-04-14,VAR,4459.367309999998,2500.0
2025-04-15,VAR,4459.367309999998,2500.0
2025-04-16,VAR,4459.367309999998,2500.0
2025-04-17,VAR,4459.367309999998,2500.0
2025-04-21,VAR,4459.367309999998,2500.0
2025-04-22,VAR,4459.367309999998,2500.0
2025-04-23,VAR,4459.367309999998,2500.0
2025-04-24,VAR,4459.367309999998,2500.0
2025-04-25,VAR,4459.367309999998,2500.0
2025-04-28,VAR,4459.367309999998,2500.0
2025-04-29,VAR,4459.367309999998,2500.0
2025-04-30,VAR,4459.367309999998,2500.0
2025-05-01,VAR,4459.367309999998,2500.0
2025-05-02,VAR,4459.367309999998,2500.0
2025-05-05,VAR,4459.367309999998,2500.0
2025-05-06,VAR,4459.367309999998,2500.0
2025-05-07,VAR,4459.367309999998,2500.0
2025-05-08,VAR,4459.367309999998,2500.0
2025-05-09,VAR,4459.367309999998,2500.0
2025-05-12,VAR,4459.367309999998,2500.0
2025-05-13,VAR,4459.367309999998,2500.0
2025-05-14,VAR,4459.367309999998,2500.0
2025-05-15,VAR,4459.367309999998,2500.0
2025-05-16,VAR,4459.367309999998,2500.0
2025-05-19,VAR,4459.367309999998,2500.0
2025-05-20,VAR,4459.367309999998,2500.0
2025-05-21,VAR,4459.367309999998,2500.0
2025-05-22,VAR,4459.367309999998,2500.0
2025-05-23,VAR,4459.367309999998,2500.0
2025-05-27,VAR,4459.367309999998,2500.0
2025-05-28,VAR,4459.367309999998,2500.0
2025-05-29,VAR,4459.367309999998,2500.0
2025-05-30,VAR,4459.367309999998,2500.0
2025-06-02,VAR,4459.367309999998,2500.0
2025-06-03,VAR,4459.367309999998,2500.0
2025-06-04,VAR,4459.367309999998,2500.0
2025-06-05,VAR,4459.367309999998,2500.0
2025-06-06,VAR,4459.367309999998,2500.0
2025-06-09,VAR,4459.367309999998,2500.0
2025-06-10,VAR,4459.367309999998,2500.0
2025-06-11,VAR,4459.367309999998,2500.0
2025-06-12,VAR,4459.367309999998,2500.0
2025-06-13,VAR,4459.367309999998,2500.0
2025-06-16,VAR,4459.367309999998,2500.0
2025-06-17,VAR,4459.367309999998,2500.0
2025-06-18,VAR,4459.367309999998,2500.0
2025-06-20,VAR,4459.367309999998,2500.0
2025-06-23,VAR,4459.367309999998,2500.0
2025-06-24,VAR,4459.367309999998,2500.0
2025-06-25,VAR,4459.367309999998,2500.0
2025-06-26,VAR,4459.367309999998,2500.0
2025-06-27,VAR,4459.367309999998,2500.0
2025-06-30,VAR,4459.367309999998,2500.0
2025-07-01,VAR,4459.367309999998,2500.0
2025-07-02,VAR,4459.367309999998,2500.0
2025-07-03,VAR,4459.367309999998,2500.0
2025-07-07,VAR,4459.367309999998,2500.0
2025-07-08,VAR,4459.367309999998,2500.0
2025-07-09,VAR,4459.367309999998,2500.0
2025-07-10,VAR,4459.367309999998,2500.0
2025-07-11,VAR,4459.367309999998,2500.0
2025-07-14,VAR,4459.367309999998,2500.0
2025-07-15,VAR,4459.367309999998,2500.0
2025-07-16,VAR,4459.367309999998,2500.0
2025-07-17,VAR,4459.367309999998,2500.0
2025-07-18,VAR,4459.367309999998,2500.0
2025-07-21,VAR,4459.367309999998,2500.0
2025-07-22,VAR,4459.367309999998,2500.0
2025-07-23,VAR,4459.367309999998,2500.0
2025-07-24,VAR,4311.357420000018,2500.0
2025-07-25,VAR,4311.357420000018,2500.0
2025-07-28,VAR,4311.357420000018,2500.0
2025-07-29,VAR,4311.357420000018,2500.0
2025-07-30,VAR,4311.357420000018,2500.0
2025-07-31,VAR,4311.357420000018,2500.0
2025-08-01,VAR,4311.357420000018,2500.0
2025-08-04,VAR,4311.357420000018,2500.0
2025-08-05,VAR,3658.417740000013,2500.0
2025-08-06,VAR,3658.417740000013,2500.0
2025-08-07,VAR,3658.417740000013,2500.0
2025-08-08,VAR,3658.417740000013,2500.0
2025-08-11,VAR,3658.417740000013,2500.0
2025-08-12,VAR,3658.417740000013,2500.0
2025-08-13,VAR,3658.417740000013,2500.0
2025-08-14,VAR,3658.417740000013,2500.0
2025-08-15,VAR,3658.417740000013,2500.0
2025-08-18,VAR,3658.417740000013,2500.0
2025-08-19,VAR,3658.417740000013,2500.0
2025-08-20,VAR,3658.417740000013,2500.0
2025-08-21,VAR,3658.417740000013,2500.0
2025-08-22,VAR,3658.417740000013,2500.0
2025-08-25,VAR,3658.417740000013,2500.0
2025-08-26,VAR,3658.417740000013,2500.0
2025-08-27,VAR,3658.417740000013,2500.0
2025-08-28,VAR,3658.417740000013,2500.0
2025-08-29,VAR,3658.417740000013,2500.0
2025-09-02,VAR,3658.417740000013,2500.0
2025-09-03,VAR,3486.8271899999922,2500.0
2025-09-04,VAR,3486.8271899999922,2500.0
2025-09-05,VAR,3486.8271899999922,2500.0
2025-09-08,VAR,3486.8271899999922,2500.0
2025-09-09,VAR,3486.8271899999922,2500.0
2025-09-10,VAR,3486.8271899999922,2500.0
2025-09-11,VAR,3486.8271899999922,2500.0
2025-09-12,VAR,3486.8271899999922,2500.0
2025-09-15,GROSS_EXPOSURE,200255.72999999998,200000.0
2025-09-15,VAR,3486.8271899999922,2500.0
2025-09-16,VAR,3486.8271899999922,2500.0
2025-09-17,VAR,3486.8271899999922,2500.0
2025-09-18,GROSS_EXPOSURE,200664.78,200000.0
2025-09-18,VAR,3486.8271899999922,2500.0
2025-09-19,GROSS_EXPOSURE,201101.1,200000.0
2025-09-19,VAR,3486.8271899999922,2500.0
2025-09-22,GROSS_EXPOSURE,202052.52000000002,200000.0
2025-09-22,VAR,3486.8271899999922,2500.0
2025-09-23,GROSS_EXPOSURE,200952.63,200000.0
2025-09-23,VAR,3486.8271899999922,2500.0
2025-09-24,GROSS_EXPOSURE,200313.30000000002,200000.0
2025-09-24,VAR,3486.8271899999922,2500.0
2025-09-25,VAR,3486.8271899999922,2500.0
2025-09-26,GROSS_EXPOSURE,200531.46000000002,200000.0
2025-09-26,VAR,3486.8271899999922,2500.0
2025-09-29,GROSS_EXPOSURE,201095.03999999998,200000.0
2025-09-29,VAR,3486.8271899999922,2500.0
2025-09-30,GROSS_EXPOSURE,201852.53999999998,200000.0
2025-09-30,VAR,3486.8271899999922,2500.0
2025-10-01,GROSS_EXPOSURE,202540.35,200000.0
2025-10-01,VAR,3486.8271899999922,2500.0
2025-10-02,GROSS_EXPOSURE,202773.66,200000.0
2025-10-02,VAR,3486.8271899999922,2500.0
2025-10-03,GROSS_EXPOSURE,202770.63,200000.0
2025-10-03,VAR,3486.8271899999922,2500.0
2025-10-06,GROSS_EXPOSURE,203497.83000000002,200000.0
2025-10-06,VAR,3486.8271899999922,2500.0
2025-10-07,GROSS_EXPOSURE,202743.36000000002,200000.0
2025-10-07,VAR,3486.8271899999922,2500.0
2025-10-08,GROSS_EXPOSURE,203952.33000000002,200000.0
2025-10-08,VAR,3486.8271899999922,2500.0
2025-10-09,GROSS_EXPOSURE,203361.47999999998,200000.0
2025-10-09,VAR,3486.8271899999922,2500.0
2025-10-10,VAR,4280.84316,2500.0
2025-10-13,GROSS_EXPOSURE,200901.12,200000.0
2025-10-13,VAR,4280.84316,2500.0
2025-10-14,GROSS_EXPOSURE,200655.69,200000.0
2025-10-14,VAR,4280.84316,2500.0
2025-10-15,GROSS_EXPOSURE,201546.50999999998,200000.0
2025-10-15,VAR,4280.84316,2500.0
2025-10-16,GROSS_EXPOSURE,200173.91999999998,200000.0
2025-10-16,VAR,4280.84316,2500.0
2025-10-17,GROSS_EXPOSURE,201310.16999999998,200000.0
2025-10-17,VAR,4280.84316,2500.0
2025-10-20,GROSS_EXPOSURE,203403.9,200000.0
2025-10-20,VAR,4280.84316,2500.0
2025-10-21,GROSS_EXPOSURE,203400.87,200000.0
2025-10-21,VAR,4280.84316,2500.0
2025-10-22,GROSS_EXPOSURE,202343.4,200000.0
2025-10-22,VAR,4280.84316,2500.0
2025-10-23,GROSS_EXPOSURE,203543.28,200000.0
2025-10-23,VAR,4280.84316,2500.0
2025-10-24,GROSS_EXPOSURE,205206.75,200000.0
2025-10-24,VAR,4280.84316,2500.0
2025-10-27,GROSS_EXPOSURE,207627.72,200000.0
2025-10-27,VAR,4280.84316,2500.0
2025-10-28,GROSS_EXPOSURE,208179.18,200000.0
2025-10-28,VAR,4280.84316,2500.0
2025-10-29,GROSS_EXPOSURE,208279.16999999998,200000.0
2025-10-29,VAR,4280.84316,2500.0
2025-10-30,GROSS_EXPOSURE,205988.49000000002,200000.0
2025-10-30,VAR,4280.84316,2500.0
2025-10-31,GROSS_EXPOSURE,206664.18,200000.0
2025-10-31,VAR,4141.012349999997,2500.0
2025-11-03,GROSS_EXPOSURE,207052.02000000002,200000.0
2025-11-03,VAR,4141.012349999997,2500.0
2025-11-04,GROSS_EXPOSURE,204597.72,200000.0
2025-11-04,VAR,4141.012349999997,2500.0
2025-11-05,GROSS_EXPOSURE,205306.74000000002,200000.0
2025-11-05,VAR,4141.012349999997,2500.0
2025-11-06,GROSS_EXPOSURE,203103.93,200000.0
2025-11-06,VAR,4141.012349999997,2500.0
2025-11-07,GROSS_EXPOSURE,203303.91,200000.0
2025-11-07,VAR,4141.012349999997,2500.0
2025-11-10,GROSS_EXPOSURE,206476.32,200000.0
2025-11-10,VAR,4141.012349999997,2500.0
2025-11-11,GROSS_EXPOSURE,206949.0,200000.0
2025-11-11,VAR,4141.012349999997,2500.0
2025-11-12,GROSS_EXPOSURE,207064.13999999998,200000.0
2025-11-12,VAR,4141.012349999997,2500.0
2025-11-13,GROSS_EXPOSURE,203628.12,200000.0
2025-11-13,VAR,4187.430539999998,2500.0
2025-11-14,GROSS_EXPOSURE,203594.78999999998,200000.0
2025-11-14,VAR,4187.430539999998,2500.0
2025-11-17,GROSS_EXPOSURE,201698.00999999998,200000.0
2025-11-17,VAR,4187.430539999998,2500.0
2025-11-18,GROSS_EXPOSURE,200004.24000000002,200000.0
2025-11-18,VAR,4187.430539999998,2500.0
2025-11-19,GROSS_EXPOSURE,200776.88999999998,200000.0
2025-11-19,VAR,4187.430539999998,2500.0
2025-11-20,VAR,4187.430539999998,2500.0
2025-11-21,VAR,4187.430539999998,2500.0
2025-11-24,GROSS_EXPOSURE,202625.19,200000.0
2025-11-24,VAR,4187.430539999998,2500.0
2025-11-25,GROSS_EXPOSURE,204531.06,200000.0
2025-11-25,VAR,4187.430539999998,2500.0
2025-11-26,GROSS_EXPOSURE,205943.03999999998,200000.0
2025-11-26,VAR,4187.430539999998,2500.0
2025-11-28,GROSS_EXPOSURE,207067.16999999998,200000.0
2025-11-28,VAR,4187.430539999998,2500.0
2025-12-01,GROSS_EXPOSURE,206121.81,200000.0
2025-12-01,VAR,4187.430539999998,2500.0
2025-12-02,GROSS_EXPOSURE,206503.59,200000.0
2025-12-02,VAR,4187.430539999998,2500.0
2025-12-03,GROSS_EXPOSURE,207218.66999999998,200000.0
2025-12-03,VAR,4187.430539999998,2500.0
2025-12-04,GROSS_EXPOSURE,207370.16999999998,200000.0
2025-12-04,VAR,4187.430539999998,2500.0
2025-12-05,GROSS_EXPOSURE,207764.07,200000.0
2025-12-05,VAR,4187.430539999998,2500.0
2025-12-08,GROSS_EXPOSURE,207139.88999999998,200000.0
2025-12-08,VAR,4187.430539999998,2500.0
2025-12-09,GROSS_EXPOSURE,206961.12,200000.0
2025-12-09,VAR,4187.430539999998,2500.0
2025-12-10,GROSS_EXPOSURE,208333.71000000002,200000.0
2025-12-10,VAR,4187.430539999998,2500.0
2025-12-11,GROSS_EXPOSURE,208818.50999999998,200000.0
2025-12-11,VAR,4187.430539999998,2500.0
2025-12-12,GROSS_EXPOSURE,206573.28,200000.0
2025-12-12,VAR,4187.430539999998,2500.0
2025-12-15,GROSS_EXPOSURE,206261.19,200000.0
2025-12-15,VAR,4187.430539999998,2500.0
2025-12-16,GROSS_EXPOSURE,205697.61000000002,200000.0
2025-12-16,VAR,4187.430539999998,2500.0
2025-12-17,GROSS_EXPOSURE,203434.19999999998,200000.0
2025-12-17,VAR,4187.430539999998,2500.0
2025-12-18,GROSS_EXPOSURE,204970.41,200000.0
2025-12-18,VAR,3389.6018099999897,2500.0
2025-12-19,GROSS_EXPOSURE,206218.77000000002,200000.0
2025-12-19,VAR,3389.6018099999897,2500.0
2025-12-22,GROSS_EXPOSURE,207503.49000000002,200000.0
2025-12-22,VAR,3389.6018099999897,2500.0
2025-12-23,GROSS_EXPOSURE,208451.88,200000.0
2025-12-23,VAR,3389.6018099999897,2500.0
2025-12-24,GROSS_EXPOSURE,209185.13999999998,200000.0
2025-12-24,VAR,3389.6018099999897,2500.0
2025-12-26,GROSS_EXPOSURE,209163.93,200000.0
2025-12-26,VAR,3389.6018099999897,2500.0
2025-12-29,GROSS_EXPOSURE,208418.55000000002,200000.0
2025-12-29,VAR,3389.6018099999897,2500.0
2025-12-30,GROSS_EXPOSURE,208164.03,200000.0
2025-12-30,VAR,3389.6018099999897,2500.0
2025-12-31,GROSS_EXPOSURE,206621.75999999998,200000.0
2025-12-31,VAR,3389.6018099999897,2500.0
2026-01-02,GROSS_EXPOSURE,207000.50999999998,200000.0
2026-01-02,VAR,3389.6018099999897,2500.0
2026-01-05,GROSS_EXPOSURE,208379.16,200000.0
2026-01-05,VAR,3389.6018099999897,2500.0
2026-01-06,GROSS_EXPOSURE,209618.43,200000.0
2026-01-06,VAR,3389.6018099999897,2500.0
2026-01-07,GROSS_EXPOSURE,208942.74000000002,200000.0
2026-01-07,VAR,3389.6018099999897,2500.0
2026-01-08,GROSS_EXPOSURE,208921.53,200000.0
2026-01-08,VAR,3389.6018099999897,2500.0
2026-01-09,GROSS_EXPOSURE,210303.21000000002,200000.0
2026-01-09,VAR,3389.6018099999897,2500.0
2026-01-12,GROSS_EXPOSURE,210633.47999999998,200000.0
2026-01-12,VAR,3389.6018099999897,2500.0
2026-01-13,GROSS_EXPOSURE,210212.31,200000.0
2026-01-13,VAR,3389.6018099999897,2500.0
2026-01-14,GROSS_EXPOSURE,209179.08000000002,200000.0
2026-01-14,VAR,3389.6018099999897,2500.0
2026-01-15,GROSS_EXPOSURE,209748.72,200000.0
2026-01-15,VAR,3389.6018099999897,2500.0
2026-01-16,GROSS_EXPOSURE,209572.97999999998,200000.0
2026-01-16,VAR,3389.6018099999897,2500.0
2026-01-20,GROSS_EXPOSURE,205306.74000000002,200000.0
2026-01-20,VAR,3859.432199999974,2500.0
2026-01-21,GROSS_EXPOSURE,207676.19999999998,200000.0
2026-01-21,VAR,3859.432199999974,2500.0
2026-01-22,GROSS_EXPOSURE,208760.94,200000.0
2026-01-22,VAR,3859.432199999974,2500.0
2026-01-23,GROSS_EXPOSURE,208836.69,200000.0
2026-01-23,VAR,3859.432199999974,2500.0
2026-01-26,GROSS_EXPOSURE,209897.19,200000.0
2026-01-26,VAR,3859.432199999974,2500.0
2026-01-27,GROSS_EXPOSURE,210733.47,200000.0
2026-01-27,VAR,3859.432199999974,2500.0
2026-01-28,GROSS_EXPOSURE,210712.25999999998,200000.0
2026-01-28,VAR,3859.432199999974,2500.0
2026-01-29,GROSS_EXPOSURE,210294.12,200000.0
2026-01-29,VAR,3859.432199999974,2500.0
2026-01-30,GROSS_EXPOSURE,209666.91,200000.0
2026-01-30,VAR,3859.432199999974,2500.0
